Player,tgt_per_game,tgt_pct_per_game
A.J. Derby 2017,1.66665,0.0433
A.J. Derby 2018,3.9722,0.10895
A.J. Derby 2019,1.25,0.0461
A.J. Green 2014,11.125,0.3015
A.J. Green 2015,8.9231,0.2929
A.J. Green 2016,8.25,0.267
A.J. Green 2017,10.0,0.3043
A.J. Green 2018,8.9375,0.2899
A.J. Green 2019,8.5556,0.2465
A.J. Jenkins 2014,1.0625,0.033
A.J. Jenkins 2015,1.6667,0.0538
Aaron Burbridge 2017,1.0,0.0327
Aaron Dobson 2014,6.0,0.1753
Aaron Dobson 2015,1.25,0.044
Aaron Dobson 2016,2.625,0.0559
Aaron Green 2017,0.0,0.0
Aaron Jones 2018,1.5,0.047
Aaron Jones 2019,2.9167,0.0881
Aaron Ripkowski 2016,0.0667,0.0014
Aaron Ripkowski 2017,0.625,0.0168
Aaron Ripkowski 2018,0.625,0.0194
Ace Sanders 2014,5.8,0.1571
Ace Sanders 2015,0.6667,0.0182
Adam Humphries 2016,3.0769,0.0906
Adam Humphries 2017,5.5333,0.1495
Adam Humphries 2018,5.1875,0.1359
Adam Humphries 2019,6.5,0.171
Adam Shaheen 2018,1.0769,0.0355
Adam Shaheen 2019,1.2,0.0381
Adam Thielen 2015,0.875,0.0262
Adam Thielen 2016,1.125,0.036
Adam Thielen 2017,5.75,0.1562
Adam Thielen 2018,8.9375,0.2743
Adam Thielen 2019,9.6875,0.257
Adrian Peterson 2014,2.8571,0.0877
Adrian Peterson 2015,3.0,0.125
Adrian Peterson 2016,2.25,0.0797
Adrian Peterson 2017,2.0,0.0604
Adrian Peterson 2018,1.70835,0.05115
Adrian Peterson 2019,1.625,0.0527
Adrien Robinson 2014,0.0,0.0
Adrien Robinson 2015,0.4375,0.0125
Ahmad Bradshaw 2014,2.6667,0.0871
Ahmad Bradshaw 2015,4.7,0.1113
Ahmad Bradshaw 2016,2.3333,0.0624
Akeem Hunt 2016,1.4286,0.045
Akeem Hunt 2017,0.5,0.0179
Akeem Hunt 2018,0.4667,0.0135
Alan Cross 2018,0.75,0.0211
Alan Cross 2019,0.3571,0.0094
Albert Wilson 2015,2.3333,0.0672
Albert Wilson 2016,4.0714,0.1512
Albert Wilson 2017,3.1875,0.0906
Albert Wilson 2018,4.7692,0.1452
Albert Wilson 2019,5.0,0.1701
Aldrick Robinson 2014,2.875,0.076
Aldrick Robinson 2015,0.6,0.0172
Aldrick Robinson 2017,2.1333,0.0699
Aldrick Robinson 2018,3.0,0.0732
Aldrick Robinson 2019,2.5,0.0731
Alex Armah 2018,0.0,0.0
Alex Armah 2019,0.0625,0.0021
Alex Collins 2017,1.1,0.0294
Alex Collins 2018,2.4,0.0678
Alex Collins 2019,2.1,0.0487
Alex Ellis 2019,0.0,0.0
Alex Erickson 2017,0.5,0.0138
Alex Erickson 2018,1.0,0.0353
Alex Erickson 2019,1.8125,0.0628
Alex Green 2014,0.1667,0.0049
Alex Smith 2014,0.375,0.0099
Alex Smith 2015,0.0,0.0
Alex Smith 2016,0.6667,0.0201
Alfonso Smith 2014,0.8125,0.0234
Alfonso Smith 2015,0.6667,0.0267
Alfred Blue 2015,1.125,0.0318
Alfred Blue 2016,1.0,0.0284
Alfred Blue 2017,1.1429,0.0318
Alfred Blue 2018,0.8182,0.0297
Alfred Blue 2019,1.6875,0.0474
Alfred Morris 2014,0.75,0.0196
Alfred Morris 2015,1.625,0.0467
Alfred Morris 2016,0.8125,0.0247
Alfred Morris 2017,0.4286,0.015
Alfred Morris 2018,0.6923,0.0256
Alfred Morris 2019,1.1667,0.0319
Allen Hurns 2015,6.0625,0.1751
Allen Hurns 2016,7.0,0.1845
Allen Hurns 2017,6.9091,0.1769
Allen Hurns 2018,5.6,0.1827
Allen Hurns 2019,2.25,0.0739
Allen Lazard 2019,1.0,0.0278
Allen Reisner 2014,1.8,0.0475
Allen Robinson 2015,8.1,0.2341
Allen Robinson 2016,9.4375,0.2553
Allen Robinson 2017,9.375,0.2436
Allen Robinson 2018,1.0,0.0476
Allen Robinson 2019,7.2308,0.2263
Alshon Jeffery 2014,9.3125,0.2639
Alshon Jeffery 2015,9.0625,0.2374
Alshon Jeffery 2016,10.4444,0.3107
Alshon Jeffery 2017,7.8333,0.2309
Alshon Jeffery 2018,7.5,0.2198
Alshon Jeffery 2019,7.0769,0.1985
Alvin Kamara 2018,6.3125,0.1921
Alvin Kamara 2019,7.0,0.2092
Amara Darboh 2018,0.8125,0.0269
Amari Cooper 2016,8.4667,0.2263
Amari Cooper 2017,8.1875,0.2208
Amari Cooper 2018,6.8571,0.1939
Amari Cooper 2019,6.88885,0.18845
Ameer Abdullah 2016,2.375,0.064
Ameer Abdullah 2017,2.5,0.0676
Ameer Abdullah 2018,2.5,0.0718
Ameer Abdullah 2019,0.47619999999999996,0.015349999999999999
Andre Brown 2014,3.625,0.1168
Andre Caldwell 2014,1.8125,0.0434
Andre Caldwell 2015,0.9375,0.0242
Andre Caldwell 2016,1.5714,0.0392
Andre Ellington 2014,3.8,0.1153
Andre Ellington 2015,5.3333,0.1584
Andre Ellington 2016,2.4,0.0737
Andre Ellington 2017,1.2667,0.0309
Andre Ellington 2018,4.25,0.09985
Andre Holmes 2014,7.0,0.2042
Andre Holmes 2015,6.1875,0.163
Andre Holmes 2016,2.0625,0.0664
Andre Holmes 2017,1.5625,0.044
Andre Holmes 2018,1.6429,0.0554
Andre Holmes 2019,1.125,0.03705
Andre Johnson 2014,11.3125,0.2872
Andre Johnson 2015,9.7333,0.3295
Andre Johnson 2016,4.8125,0.1287
Andre Johnson 2017,2.875,0.0876
Andre Roberts 2014,4.75,0.1354
Andre Roberts 2015,4.5625,0.1363
Andre Roberts 2016,2.3333,0.0614
Andre Roberts 2017,1.5625,0.0437
Andre Roberts 2018,0.25,0.0077
Andre Roberts 2019,1.125,0.0356
Andre Williams 2015,2.3125,0.0604
Andre Williams 2016,0.1875,0.0052
Andre Williams 2017,2.0,0.0541
Andre Williams 2018,0.0,0.0
Andrew Hawkins 2014,2.25,0.0687
Andrew Hawkins 2015,7.4667,0.2351
Andrew Hawkins 2016,5.375,0.149
Andrew Hawkins 2017,3.25,0.0913
Andrew Quarless 2014,3.3125,0.1036
Andrew Quarless 2015,2.875,0.0864
Andrew Quarless 2016,1.0,0.0299
Andrew Quarless 2017,,
Andrew Turzilli 2016,0.6667,0.0171
Andy Janovich 2017,0.6364,0.0205
Andy Janovich 2018,0.375,0.01
Andy Janovich 2019,0.625,0.0203
Andy Jones 2018,0.0,0.0
Andy Jones 2019,3.4286,0.1077
Anquan Boldin 2014,8.0625,0.3123
Anquan Boldin 2015,8.1875,0.277
Anquan Boldin 2016,7.9286,0.2452
Anquan Boldin 2017,5.9375,0.1668
Anthony Dixon 2014,0.1875,0.0062
Anthony Dixon 2015,0.5625,0.0163
Anthony Dixon 2016,0.4375,0.0178
Anthony Fasano 2014,3.7778,0.108
Anthony Fasano 2015,2.4667,0.0777
Anthony Fasano 2016,2.625,0.0755
Anthony Fasano 2017,0.875,0.0309
Anthony Fasano 2018,1.0,0.0259
Anthony Firkser 2019,2.0,0.0844
Anthony McCoy 2016,0.0,0.0
Anthony Miller 2019,3.6,0.1163
Anthony Sherman 2014,1.5,0.0421
Anthony Sherman 2015,0.875,0.031
Anthony Sherman 2016,0.3125,0.012
Anthony Sherman 2017,0.375,0.0138
Anthony Sherman 2018,0.5,0.0152
Anthony Sherman 2019,0.5625,0.0178
Antone Smith 2014,0.2,0.0044
Antone Smith 2015,1.5,0.0367
Antone Smith 2016,0.0,0.0
Antone Smith 2017,3.0,0.0831
Antonio Andrews 2015,0.5,0.0167
Antonio Andrews 2016,2.0714,0.0613
Antonio Andrews 2017,0.0,0.0
Antonio Brown 2014,10.375,0.2988
Antonio Brown 2015,11.3125,0.3092
Antonio Brown 2016,12.0625,0.3381
Antonio Brown 2017,10.2667,0.2766
Antonio Brown 2018,11.5714,0.3097
Antonio Brown 2019,11.2667,0.2685
Antonio Callaway 2019,5.0625,0.142
Antonio Gates 2014,7.0625,0.2094
Antonio Gates 2015,6.125,0.1711
Antonio Gates 2016,8.0,0.194
Antonio Gates 2017,6.6429,0.1855
Antonio Gates 2018,3.25,0.0884
Antonio Gates 2019,2.875,0.0879
Antony Auclair 2018,0.4,0.0123
Antony Auclair 2019,0.5,0.0121
ArDarius Stewart 2018,0.8667,0.0255
Arian Foster 2014,4.375,0.1038
Arian Foster 2015,4.5385,0.161
Arian Foster 2016,7.0,0.1603
Arian Foster 2017,2.5,0.0919
Armanti Edwards 2014,0.75,0.0199
Armond Smith 2014,0.0,0.0
Arrelious Benn 2016,,
Arrelious Benn 2017,0.6667,0.0168
Arrelious Benn 2018,0.2222,0.0094
Asante Cleveland 2016,0.25,0.0061
Asante Cleveland 2017,0.0,0.0
Auden Tate 2019,3.0,0.089
Austin Carr 2019,1.0,0.0335
Austin Collie 2014,1.5714,0.0331
Austin Ekeler 2018,2.1875,0.0628
Austin Ekeler 2019,3.7857,0.1213
Austin Hooper 2017,1.9286,0.0596
Austin Hooper 2018,4.0625,0.1265
Austin Hooper 2019,5.5,0.1433
Austin Pettis 2014,3.9375,0.1135
Austin Pettis 2015,3.6,0.0916
Austin Seferian-Jenkins 2015,4.2222,0.1124
Austin Seferian-Jenkins 2016,5.5714,0.1693
Austin Seferian-Jenkins 2017,1.9643,0.053250000000000006
Austin Seferian-Jenkins 2018,5.6923,0.1898
Austin Seferian-Jenkins 2019,3.8,0.1022
Austin Traylor 2018,1.3333,0.037
B.J. Daniels 2016,0.16665,0.0062
Bear Pascoe 2014,1.25,0.0385
Bear Pascoe 2015,0.125,0.0037
Bear Pascoe 2016,0.0,0.0
Beau Brinkley 2016,0.0,0.0
Beau Brinkley 2017,0.0,0.0
Beau Brinkley 2018,0.0,0.0
Beau Brinkley 2019,0.0,0.0
Ben Braunecker 2017,0.4615,0.0111
Ben Braunecker 2018,0.0,0.0
Ben Braunecker 2019,0.3333,0.0107
Ben Edwards 2016,1.0,0.0294
Ben Edwards 2017,,
Ben Hartsock 2014,0.0,0.0
Ben Koyack 2017,1.8462,0.0482
Ben Koyack 2018,0.4375,0.0121
Ben Koyack 2019,0.0,0.0
Ben Obomanu 2014,0.3333,0.0098
Ben Tate 2014,3.5,0.0916
Ben Tate 2015,0.75,0.0229
Ben Watson 2014,2.0,0.0521
Ben Watson 2015,1.9375,0.0454
Ben Watson 2016,6.875,0.165
Ben Watson 2017,,
Ben Watson 2018,4.9375,0.1362
Ben Watson 2019,2.875,0.0905
BenJarvus Green-Ellis 2014,0.5,0.0152
Bennie Fowler 2016,1.5625,0.0427
Bennie Fowler 2017,1.8462,0.0476
Bennie Fowler 2018,3.5,0.098
Bennie Fowler 2019,2.7,0.0734
Benny Cunningham 2014,0.7143,0.0232
Benny Cunningham 2015,3.3125,0.1087
Benny Cunningham 2016,2.25,0.0792
Benny Cunningham 2017,1.9091,0.056
Benny Cunningham 2018,1.8571,0.0614
Benny Cunningham 2019,0.1333,0.0038
Bernard Pierce 2014,1.5625,0.0406
Bernard Pierce 2015,0.4615,0.0166
Bernard Pierce 2016,0.7143,0.0203
Bernard Reedy 2018,0.1111,0.00345
Bernard Scott 2014,1.0,0.0223
Bilal Powell 2014,3.5625,0.1204
Bilal Powell 2015,1.0,0.043
Bilal Powell 2016,5.7273,0.1452
Bilal Powell 2017,4.7333,0.1316
Bilal Powell 2018,2.2,0.0693
Bilal Powell 2019,2.5714,0.0779
Billy Bajema 2014,0.3333,0.01
Bishop Sankey 2015,1.5,0.047
Bishop Sankey 2016,1.7692,0.0578
Blake Annen 2017,,
Blake Bell 2016,1.7857,0.0476
Blake Bell 2017,0.75,0.0241
Blake Bell 2018,0.3077,0.0082
Blake Bell 2019,1.1,0.0364
Blake Jarwin 2018,0.0,0.0
Blake Jarwin 2019,2.25,0.062
Bobby Rainey 2014,1.08335,0.03915
Bobby Rainey 2015,3.0,0.0894
Bobby Rainey 2016,0.1875,0.007
Bobby Rainey 2017,1.7857,0.0444
Bobby Rainey 2018,1.75,0.0394
Bobo Wilson 2018,0.3333,0.0123
Bobo Wilson 2019,1.0,0.0241
Boston Scott 2019,0.0,0.0
Brad Smelley 2014,0.0,0.0
Brad Smith 2014,0.3333,0.0114
Brad Smith 2015,0.1538,0.0044
Bradie Ewing 2014,1.0,0.0258
Bradley Marquez 2017,0.5,0.0152
Bradley Marquez 2018,0.0,0.0
Bradley Marquez 2019,0.0,0.0
Bralon Addison 2017,1.0,0.0526
Branden Oliver 2015,3.2143,0.0895
Branden Oliver 2016,1.875,0.0366
Branden Oliver 2017,,
Branden Oliver 2018,1.375,0.0365
Brandin Cooks 2015,6.9,0.1695
Brandin Cooks 2016,8.0625,0.1979
Brandin Cooks 2017,7.3125,0.1763
Brandin Cooks 2018,7.125,0.1957
Brandin Cooks 2019,7.25,0.2142
Brandon Bolden 2014,2.4167,0.0721
Brandon Bolden 2015,0.375,0.009
Brandon Bolden 2016,2.0,0.0546
Brandon Bolden 2017,0.2857,0.0107
Brandon Bolden 2018,0.25,0.0064
Brandon Bolden 2019,0.1875,0.0084
Brandon Bostick 2014,1.2727,0.0326
Brandon Bostick 2015,0.3077,0.0112
Brandon Bostick 2017,0.7857,0.0253
Brandon Burks 2017,0.0,0.0
Brandon Coleman 2016,3.0625,0.0764
Brandon Coleman 2017,2.375,0.055
Brandon Coleman 2018,2.3125,0.0688
Brandon Gibson 2014,6.1429,0.1696
Brandon Gibson 2015,3.6429,0.0965
Brandon Jacobs 2014,1.0,0.0271
Brandon LaFell 2014,5.3125,0.1788
Brandon LaFell 2015,7.4375,0.1938
Brandon LaFell 2016,6.7273,0.1747
Brandon LaFell 2017,6.6875,0.2058
Brandon LaFell 2018,5.5625,0.1814
Brandon LaFell 2019,2.6667,0.0941
Brandon Lloyd 2015,2.5,0.0826
Brandon Marshall 2014,10.25,0.2928
Brandon Marshall 2015,8.1538,0.2115
Brandon Marshall 2016,10.8125,0.2938
Brandon Marshall 2017,8.7857,0.257
Brandon Marshall 2018,6.6,0.1566
Brandon Marshall 2019,3.2857,0.1154
Brandon Myers 2014,4.75,0.1349
Brandon Myers 2015,2.2857,0.0793
Brandon Myers 2016,1.5455,0.0501
Brandon Myers 2017,0.875,0.0255
Brandon Pettigrew 2014,4.5,0.1152
Brandon Pettigrew 2015,1.0714,0.0298
Brandon Pettigrew 2016,1.875,0.0431
Brandon Pettigrew 2017,,
Brandon Powell 2019,2.8333,0.0861
Brandon Stokley 2014,3.5,0.0836
Brandon Tate 2014,0.125,0.0037
Brandon Tate 2015,1.625,0.0499
Brandon Tate 2016,0.1875,0.0081
Brandon Tate 2017,0.8,0.0282
Brandon Tate 2018,1.0769,0.0303
Brandon Tate 2019,0.0,0.0
Brandon Wilds 2017,0.5,0.0167
Brandon Wilds 2019,0.0,0.0
Brandon Williams 2014,0.0,0.0
Brandon Williams 2015,0.5714,0.0156
Brandon Williams 2016,0.0,0.0
Brandon Williams 2017,0.1875,0.007
Brandon Williams 2018,1.5455,0.0543
Brandon Zylstra 2019,0.125,0.0037
Braxton Miller 2017,2.8,0.0807
Braxton Miller 2018,2.6364,0.0892
Brent Celek 2014,3.1875,0.1088
Brent Celek 2015,3.25,0.0878
Brent Celek 2016,2.1875,0.0574
Brent Celek 2017,1.2667,0.0383
Brent Celek 2018,1.5,0.0464
Brenton Bersin 2015,1.3333,0.0384
Brenton Bersin 2016,1.2222,0.0474
Brenton Bersin 2017,0.6667,0.022
Brenton Bersin 2018,1.75,0.0604
Breshad Perriman 2017,4.125,0.0963
Breshad Perriman 2018,3.1818,0.0992
Breshad Perriman 2019,2.5,0.0744
Brett Brackett 2015,0.0,0.0
Brian Hartline 2014,8.375,0.2303
Brian Hartline 2015,3.9375,0.108
Brian Hartline 2016,6.4167,0.1726
Brian Hill 2018,0.16665,0.0044
Brian Hill 2019,0.2222,0.0069
Brian Leonard 2014,2.3125,0.0787
Brian Leonard 2015,1.0,0.0244
Brian Leonhardt 2016,0.25,0.0089
Brian Parker 2016,0.25,0.0097
Brian Parker 2019,0.8333,0.0218
Brian Quick 2014,2.1875,0.0702
Brian Quick 2015,5.5714,0.1596
Brian Quick 2016,2.4615,0.077
Brian Quick 2017,4.8125,0.146
Brian Quick 2018,0.8,0.0253
Brian Quick 2019,0.5,0.0142
Brian Robiskie 2014,1.0,0.04
Brian Tyms 2015,1.0,0.0308
Brice Butler 2014,1.7,0.0672
Brice Butler 2015,2.3333,0.0618
Brice Butler 2016,3.7143,0.1092
Brice Butler 2017,2.0,0.0674
Brice Butler 2018,1.7692,0.06
Brice Butler 2019,1.0,0.039749999999999994
Brittan Golden 2014,1.75,0.0541
Brittan Golden 2016,0.0714,0.0023
Brittan Golden 2017,1.2727,0.0334
Brittan Golden 2018,0.6923,0.0186
Bronson Hill 2017,1.0,0.0256
Bronson Hill 2018,0.0,0.0
Bruce Ellington 2015,0.9231,0.0292
Bruce Ellington 2016,1.4615,0.0443
Bruce Ellington 2017,,
Bruce Ellington 2018,5.0909,0.1466
Bruce Ellington 2019,5.75,0.1811
Bruce Miller 2014,2.5714,0.1013
Bruce Miller 2015,1.5625,0.0634
Bruce Miller 2016,0.875,0.0241
Bryan Walters 2015,0.8462,0.0302
Bryan Walters 2016,4.0909,0.0995
Bryan Walters 2017,3.4,0.094
Bryce Brown 2014,0.8667,0.0272
Bryce Brown 2015,3.5714,0.1017
Bryce Brown 2016,0.6667,0.0198
Bryce Treggs 2017,1.3333,0.0338
Bryce Treggs 2018,3.0,0.0835
Buddy Howell 2019,0.0,0.0
Byron Marshall 2017,1.6667,0.0393
Byron Marshall 2018,2.0,0.0584
Byron Marshall 2019,1.0,0.0364
C.J. Anderson 2014,0.25,0.0074
C.J. Anderson 2015,2.9333,0.0683
C.J. Anderson 2016,2.4,0.0641
C.J. Anderson 2017,3.4286,0.1021
C.J. Anderson 2018,2.5,0.0756
C.J. Anderson 2019,1.66665,0.06520000000000001
C.J. Fiedorowicz 2015,0.4667,0.0146
C.J. Fiedorowicz 2016,1.5,0.0408
C.J. Fiedorowicz 2017,5.9333,0.1737
C.J. Fiedorowicz 2018,4.6,0.1247
C.J. Ham 2018,0.5,0.016
C.J. Ham 2019,1.0,0.0226
C.J. Prosise 2017,3.1667,0.0956
C.J. Prosise 2018,2.2,0.0516
C.J. Prosise 2019,0.6,0.0182
C.J. Spiller 2014,2.7333,0.0891
C.J. Spiller 2015,2.4444,0.0704
C.J. Spiller 2016,3.3846,0.0808
C.J. Spiller 2017,2.75,0.0819
C.J. Spiller 2018,2.0,0.0556
C.J. Uzomah 2016,0.2,0.0095
C.J. Uzomah 2017,3.8,0.1078
C.J. Uzomah 2018,1.0714,0.0351
C.J. Uzomah 2019,3.875,0.1173
Calvin Johnson 2014,11.1429,0.2841
Calvin Johnson 2015,9.8462,0.2677
Calvin Johnson 2016,9.3125,0.2404
Calvin Ridley 2019,5.75,0.1561
Cam Phillips 2019,0.5,0.0125
Cam Sims 2019,0.0,0.0
Cameron Artis-Payne 2016,0.7143,0.0227
Cameron Artis-Payne 2017,0.3333,0.0093
Cameron Artis-Payne 2018,0.0769,0.0026
Cameron Artis-Payne 2019,0.4444,0.0115
Cameron Batson 2019,1.1,0.0411
Cameron Brate 2015,0.2,0.0069
Cameron Brate 2016,2.1429,0.0621
Cameron Brate 2017,5.4,0.16
Cameron Brate 2018,4.8125,0.1293
Cameron Brate 2019,3.0625,0.0818
Cameron Meredith 2016,1.4545,0.0447
Cameron Meredith 2017,6.9286,0.1936
Cameron Meredith 2019,1.6667,0.054
Carlos Hyde 2015,1.1429,0.0348
Carlos Hyde 2016,2.1429,0.0676
Carlos Hyde 2017,2.5385,0.0814
Carlos Hyde 2018,5.5,0.1478
Carlos Hyde 2019,1.27085,0.0361
Cayleb Jones 2017,,
Cayleb Jones 2019,0.0,0.0
Cecil Shorts 2014,9.4615,0.2695
Cecil Shorts 2015,8.4615,0.2429
Cecil Shorts 2016,6.8182,0.1699
Cecil Shorts 2017,3.0,0.0856
Cedric Peerman 2014,0.0,0.0
Cedric Peerman 2015,0.3125,0.0098
Cedric Peerman 2016,0.0,0.0
Cedric Peerman 2017,0.1667,0.0067
Cethan Carter 2018,0.0625,0.0018
Chad Beebe 2019,1.3333,0.0529
Chad Hall 2014,0.7778,0.0224
Chad Hansen 2018,1.0667,0.0305
Chad Williams 2018,1.1667,0.0314
Chad Williams 2019,4.6,0.1535
Chandler Worthy 2016,1.3333,0.0284
Charcandrick West 2016,2.2667,0.079
Charcandrick West 2017,2.2667,0.0675
Charcandrick West 2018,2.6154,0.0781
Charcandrick West 2019,1.0,0.0256
Charles Clay 2014,6.375,0.175
Charles Clay 2015,6.0,0.16
Charles Clay 2016,5.9231,0.1958
Charles Clay 2017,5.8,0.2064
Charles Clay 2018,5.6923,0.2138
Charles Clay 2019,2.7692,0.0907
Charles Johnson 2015,5.3636,0.1751
Charles Johnson 2016,1.1818,0.0467
Charles Johnson 2017,2.3125,0.0616
Charles Sims 2015,3.375,0.1162
Charles Sims 2016,4.375,0.138
Charles Sims 2017,4.5714,0.1235
Charles Sims 2018,2.9375,0.0787
Charone Peake 2017,1.7857,0.0556
Charone Peake 2018,0.3333,0.0133
Charone Peake 2019,0.2308,0.0072
Chase Coffman 2014,0.2,0.0034
Chase Coffman 2015,1.0769,0.0388
Chase Coffman 2016,5.5,0.1673
Chase Coffman 2017,0.0,0.0
Chase Edmonds 2019,1.4375,0.0469
Chase Ford 2015,3.1818,0.0902
Chase Reynolds 2014,0.0,0.0
Chase Reynolds 2015,0.0,0.0
Chase Reynolds 2016,0.0,0.0
Chase Reynolds 2017,0.0667,0.0024
Chester Rogers 2017,2.5833,0.0725
Chester Rogers 2018,3.3636,0.1237
Chester Rogers 2019,4.5,0.1084
Chris Carson 2018,2.0,0.0614
Chris Carson 2019,1.7143,0.0723
Chris Conley 2016,1.9375,0.0592
Chris Conley 2017,4.3125,0.1306
Chris Conley 2018,3.2,0.1017
Chris Conley 2019,3.25,0.0881
Chris Givens 2014,5.1875,0.1698
Chris Givens 2015,1.5,0.0491
Chris Givens 2016,2.375,0.058649999999999994
Chris Godwin 2018,3.4375,0.0938
Chris Godwin 2019,5.9375,0.1554
Chris Gragg 2014,0.7778,0.0222
Chris Gragg 2015,1.0,0.0292
Chris Gragg 2016,1.5385,0.0464
Chris Gragg 2017,,
Chris Harper 2014,,
Chris Harper 2017,2.8571,0.105
Chris Herndon 2019,4.0,0.1178
Chris Hogan 2014,1.0625,0.0337
Chris Hogan 2015,3.8125,0.0978
Chris Hogan 2016,3.6875,0.1189
Chris Hogan 2017,3.8667,0.1156
Chris Hogan 2018,6.5556,0.1691
Chris Hogan 2019,3.3125,0.0969
Chris Ivory 2014,0.4667,0.0147
Chris Ivory 2015,1.6875,0.0516
Chris Ivory 2016,2.4667,0.0671
Chris Ivory 2017,2.5455,0.0688
Chris Ivory 2018,2.0,0.0591
Chris Ivory 2019,1.6154,0.0522
Chris Johnson 2014,3.25,0.0975
Chris Johnson 2015,2.125,0.0701
Chris Johnson 2016,1.1818,0.0333
Chris Johnson 2017,0.25,0.0056
Chris Johnson 2018,1.5,0.031
Chris Lacy 2019,1.0,0.0323
Chris Manhertz 2017,0.5,0.0122
Chris Manhertz 2018,0.4444,0.0153
Chris Manhertz 2019,0.3125,0.0098
Chris Matthews 2016,2.5,0.0638
Chris Matthews 2017,,
Chris Matthews 2018,1.0,0.0255
Chris Moore 2017,1.0667,0.0244
Chris Moore 2018,2.9231,0.075
Chris Moore 2019,1.5625,0.0494
Chris Ogbonnaya 2014,4.6875,0.1112
Chris Ogbonnaya 2015,0.1,0.00255
Chris Owusu 2014,2.2222,0.0712
Chris Owusu 2015,0.73335,0.02355
Chris Owusu 2016,4.3333,0.1469
Chris Pantale 2015,0.0,0.0
Chris Polk 2014,0.3333,0.0113
Chris Polk 2015,0.2143,0.0049
Chris Polk 2016,1.8667,0.0433
Chris Thompson 2014,0.0,0.0
Chris Thompson 2015,3.5,0.124
Chris Thompson 2016,3.6923,0.0972
Chris Thompson 2017,3.875,0.1029
Chris Thompson 2018,2.93075,0.08715
Chris Thompson 2019,5.0,0.1623
Chris Williams 2015,0.0,0.0
Christian Kirk 2019,5.6667,0.2152
Christian McCaffrey 2018,7.0625,0.2266
Christian McCaffrey 2019,7.75,0.227
Christine Michael 2014,0.0,0.0
Christine Michael 2015,0.2,0.0089
Christine Michael 2016,0.8,0.0258
Christine Michael 2017,1.69445,0.049350000000000005
Christine Michael 2019,0.0,0.0
Cierre Wood 2014,0.0,0.0
Cierre Wood 2016,0.5,0.0119
Clay Harbor 2014,2.1875,0.0604
Clay Harbor 2015,2.6923,0.0761
Clay Harbor 2016,1.3333,0.0358
Clay Harbor 2017,0.13635,0.0046
Clive Walford 2016,3.125,0.0921
Clive Walford 2017,3.4667,0.095
Clive Walford 2018,1.0,0.0265
Clive Walford 2019,0.0,0.0
Clyde Gates 2014,4.0,0.1199
Cobi Hamilton 2017,2.5455,0.07
Cobi Hamilton 2018,2.0,0.084
Coby Fleener 2014,5.4375,0.145
Coby Fleener 2015,5.75,0.1451
Coby Fleener 2016,5.25,0.1393
Coby Fleener 2017,5.125,0.1209
Coby Fleener 2018,2.7273,0.0764
Cody Core 2017,3.375,0.1045
Cody Core 2018,0.3077,0.0104
Cody Core 2019,2.0,0.068
Cody Latimer 2015,0.5,0.0127
Cody Latimer 2016,0.8571,0.0232
Cody Latimer 2017,1.25,0.0398
Cody Latimer 2018,2.8182,0.0871
Cody Latimer 2019,2.6667,0.0694
Cole Beasley 2014,3.8571,0.1098
Cole Beasley 2015,3.0625,0.1017
Cole Beasley 2016,4.6875,0.1403
Cole Beasley 2017,6.125,0.2081
Cole Beasley 2018,4.2,0.1363
Cole Beasley 2019,5.375,0.1731
Cole Hikutini 2018,0.75,0.0205
Cole Wick 2017,0.5,0.0133
Cole Wick 2019,0.2,0.0037
Collin Mooney 2014,0.5,0.0156
Connor Hamlett 2017,0.3333,0.0095
Cooper Helfet 2015,2.6667,0.0952
Cooper Helfet 2016,1.5714,0.0505
Cooper Kupp 2018,6.2667,0.1949
Cooper Kupp 2019,7.0,0.207
Cordarrelle Patterson 2014,4.8125,0.1579
Cordarrelle Patterson 2015,4.1875,0.1245
Cordarrelle Patterson 2016,0.125,0.0035
Cordarrelle Patterson 2017,4.375,0.121
Cordarrelle Patterson 2018,2.625,0.0744
Cordarrelle Patterson 2019,1.8667,0.0553
Corey Brown 2015,2.7692,0.0792
Corey Brown 2016,3.8571,0.1301
Corey Brown 2017,3.3125,0.0963
Corey Clement 2018,0.9375,0.0253
Corey Clement 2019,2.2727,0.0608
Corey Coleman 2017,7.3,0.2268
Corey Coleman 2018,6.3333,0.1973
Corey Coleman 2019,1.0,0.0338
Corey Davis 2018,5.9091,0.1854
Corey Davis 2019,7.0,0.2623
Corey Fuller 2015,1.9375,0.0523
Corey Fuller 2016,0.75,0.0162
Corey Fuller 2017,,
Corey Grant 2016,0.5,0.0144
Corey Grant 2017,0.6364,0.0168
Corey Grant 2018,0.25,0.011
Corey Grant 2019,2.4,0.0594
Corey Washington 2015,0.875,0.0187
Cory Harkey 2014,1.2,0.0517
Cory Harkey 2015,0.6875,0.0245
Cory Harkey 2016,0.375,0.0126
Cory Harkey 2017,0.0,0.0
Courtland Sutton 2019,5.25,0.1588
Courtney Roby 2015,0.5,0.0178
Craig Stevens 2014,0.4,0.0142
Craig Stevens 2015,0.4,0.0121
Craig Stevens 2016,1.0,0.0284
Crockett Gillmore 2015,1.0,0.0311
Crockett Gillmore 2016,4.7,0.1142
Crockett Gillmore 2017,2.0,0.0439
Curtis Samuel 2018,2.8889,0.0947
Curtis Samuel 2019,5.0,0.1377
Cyrus Gray 2014,0.625,0.0213
Cyrus Gray 2015,0.0,0.0
D'Onta Foreman 2018,0.8,0.0242
D'Onta Foreman 2019,2.0,0.05
D.C. Jefferson 2014,0.0,0.0
D.J. Chark Jr 2019,2.9091,0.0863
D.J. Foster 2018,4.0,0.1149
D.J. Moore 2019,5.125,0.1504
D.J. Williams 2014,0.39285000000000003,0.014599999999999998
DaRel Scott 2014,3.8,0.1055
DaRick Rogers 2014,4.6,0.1199
DaeSean Hamilton 2019,3.2143,0.0799
Dallas Clark 2014,4.3333,0.1177
Dallas Goedert 2019,2.625,0.0751
Dalton Schultz 2019,1.5455,0.0418
Dalvin Cook 2018,4.0,0.1228
Dalvin Cook 2019,4.4545,0.1328
Damaris Johnson 2014,0.2308,0.0063
Damaris Johnson 2015,3.0625,0.1037
Damaris Johnson 2016,0.0,0.0
Damian Williams 2014,2.3,0.0763
Damian Williams 2015,0.5,0.01615
Damien Williams 2015,1.6875,0.0438
Damien Williams 2016,1.75,0.047
Damien Williams 2017,2.0667,0.0724
Damien Williams 2018,2.5455,0.0724
Damien Williams 2019,1.5,0.04
Damiere Byrd 2018,2.125,0.0788
Damiere Byrd 2019,0.25,0.008
Damion Ratley 2019,1.5385,0.0391
Dan Arnold 2019,1.9,0.072
Dan Herron 2014,0.25,0.005
Dan Herron 2015,1.625,0.0427
Dan Herron 2016,0.95835,0.02555
Dan Vitale 2017,0.625,0.0196
Dan Vitale 2018,0.3333,0.0099
Dan Vitale 2019,0.4,0.0075
Dane Sanzenbacher 2014,0.8,0.0222
Dane Sanzenbacher 2015,1.5,0.0489
Daniel Braverman 2017,0.6667,0.0182
Daniel Brown 2017,1.66665,0.05205
Daniel Brown 2018,1.4286,0.0456
Daniel Brown 2019,0.0,0.0
Daniel Fells 2015,1.25,0.0368
Daniel Fells 2016,3.5,0.1075
Daniel Lasco 2017,0.5714,0.0139
Daniel Lasco 2018,0.0,0.0
Daniel Thomas 2014,1.1333,0.0326
Daniel Thomas 2015,1.5833,0.0436
Danny Amendola 2014,6.9167,0.1765
Danny Amendola 2015,2.625,0.0709
Danny Amendola 2016,6.2143,0.1605
Danny Amendola 2017,2.4167,0.0725
Danny Amendola 2018,5.7333,0.1559
Danny Amendola 2019,5.2667,0.1865
Danny Noble 2014,,
Danny Woodhead 2014,5.4375,0.159
Danny Woodhead 2015,2.0,0.0569
Danny Woodhead 2016,6.6875,0.1683
Danny Woodhead 2017,4.0,0.1172
Danny Woodhead 2018,4.875,0.147
Dante Pettis 2019,3.75,0.1161
Dante Rosario 2014,0.2667,0.0066
Dante Rosario 2015,1.375,0.0384
Dare Ogunbowale 2019,0.0,0.0
Darius Jackson 2019,0.25,0.0058
Darius Jennings 2016,5.25,0.1387
Darius Jennings 2019,0.9375,0.0343
Darius Johnson 2014,4.3,0.107
Darius Powe 2018,4.0,0.087
Darius Reynaud 2014,0.14285,0.0035
Darrel Williams 2019,0.6,0.0159
Darrel Young 2014,0.6923,0.0206
Darrel Young 2015,0.875,0.0266
Darrel Young 2016,0.375,0.0126
Darrell Daniels 2018,1.0833,0.0372
Darrell Daniels 2019,0.30555,0.0104
Darren Fells 2015,1.2,0.0339
Darren Fells 2016,2.0,0.061
Darren Fells 2017,1.3077,0.0346
Darren Fells 2018,1.625,0.0464
Darren Fells 2019,0.75,0.0212
Darren McFadden 2014,2.5,0.0861
Darren McFadden 2015,3.5,0.0962
Darren McFadden 2016,3.3125,0.0998
Darren McFadden 2017,1.6667,0.0608
Darren McFadden 2018,0.0,0.0
Darren Sproles 2014,5.9333,0.1487
Darren Sproles 2015,4.1333,0.1059
Darren Sproles 2016,5.1875,0.1387
Darren Sproles 2017,4.7333,0.1257
Darren Sproles 2018,4.0,0.0998
Darren Sproles 2019,3.8333,0.1066
Darren Waller 2016,1.0,0.027
Darren Waller 2017,1.4167,0.0371
Darren Waller 2019,1.5,0.0505
Darrin Reaves 2015,1.3333,0.037
Darrius Heyward-Bey 2014,4.0,0.1149
Darrius Heyward-Bey 2015,0.3125,0.0075
Darrius Heyward-Bey 2016,2.4375,0.0795
Darrius Heyward-Bey 2017,1.9,0.0482
Darrius Heyward-Bey 2018,0.1875,0.0066
Darrius Heyward-Bey 2019,0.1429,0.0042
Darvin Kidsy 2019,2.0,0.0769
Daryl Richardson 2014,2.5714,0.0673
Daryl Richardson 2017,0.0,0.0
Davante Adams 2015,4.125,0.1183
Davante Adams 2016,7.2308,0.1895
Davante Adams 2017,7.5625,0.1958
Davante Adams 2018,8.4286,0.2522
Davante Adams 2019,11.2667,0.2925
David Ausberry 2015,0.6667,0.0159
David Cobb 2016,0.2857,0.0068
David Fluellen 2018,0.0625,0.0017
David Fluellen 2019,0.0,0.0
David Grinnage 2019,2.6667,0.0702
David Johnson 2014,1.2,0.0307
David Johnson 2015,0.0714,0.0021
David Johnson 2016,1.84375,0.0552
David Johnson 2017,4.14375,0.1077
David Johnson 2018,9.0,0.1915
David Johnson 2019,4.75,0.1563
David Moore 2018,0.0,0.0
David Moore 2019,3.25,0.1382
David Morgan 2017,0.0833,0.0017
David Morgan 2018,0.8,0.0253
David Morgan 2019,0.5455,0.013
David Nelson 2014,5.0,0.176
David Nelson 2015,2.6667,0.0786
David Njoku 2018,3.75,0.1065
David Njoku 2019,5.5625,0.1548
David Paulson 2014,0.625,0.0181
David Reed 2014,0.4286,0.0106
David Williams 2019,0.0,0.0
David Wilson 2014,1.2,0.0295
Davone Bess 2014,6.1429,0.1467
De'Angelo Henderson 2018,0.4,0.0119
De'Angelo Henderson 2019,0.0,0.0
De'Anthony Thomas 2015,2.5833,0.0837
De'Anthony Thomas 2016,2.4,0.079
De'Anthony Thomas 2017,0.75,0.0283
De'Anthony Thomas 2018,1.0,0.0309
De'Anthony Thomas 2019,1.0,0.0307
De'Lance Turner 2019,1.0,0.0213
DeAndre Carter 2019,1.7856999999999998,0.055
DeAndre Hopkins 2014,5.6875,0.1494
DeAndre Hopkins 2015,7.9375,0.2713
DeAndre Hopkins 2016,12.0,0.3205
DeAndre Hopkins 2017,9.4375,0.262
DeAndre Hopkins 2018,11.6,0.3575
DeAndre Hopkins 2019,10.1875,0.3365
DeAndre Smelter 2017,0.5,0.0228
DeAndre Washington 2017,1.6429,0.0472
DeAndre Washington 2018,3.0,0.0853
DeAndre Washington 2019,0.1,0.003
DeAndrew White 2016,0.5,0.0109
DeAndrew White 2018,3.5,0.0984
DeAngelo Williams 2014,2.4,0.0855
DeAngelo Williams 2015,1.0,0.0292
DeAngelo Williams 2016,2.9375,0.0742
DeAngelo Williams 2017,3.0,0.0789
DeMarco Murray 2014,4.7143,0.1273
DeMarco Murray 2015,4.0,0.1341
DeMarco Murray 2016,3.6667,0.0876
DeMarco Murray 2017,4.1875,0.1349
DeMarco Murray 2018,3.1333,0.1032
DeMarcus Ayers 2017,6.5,0.1881
DeSean Jackson 2014,7.875,0.2519
DeSean Jackson 2015,6.3333,0.1933
DeSean Jackson 2016,5.4444,0.1731
DeSean Jackson 2017,6.6667,0.1826
DeSean Jackson 2018,6.4286,0.1714
DeSean Jackson 2019,6.25,0.156
DeVante Parker 2016,3.3333,0.0892
DeVante Parker 2017,5.8667,0.1969
DeVante Parker 2018,7.3846,0.1977
DeVante Parker 2019,4.2727,0.1578
DeVeon Smith 2018,3.0,0.0698
DeVier Posey 2014,1.9231,0.0516
DeVier Posey 2015,1.0,0.04
Deante Burton 2019,0.0,0.0
Dede Westbrook 2018,7.2857,0.2221
Dede Westbrook 2019,6.3125,0.2078
Deji Karim 2014,0.2857,0.0082
Delanie Walker 2014,5.7333,0.1715
Delanie Walker 2015,7.0667,0.2212
Delanie Walker 2016,8.8667,0.2665
Delanie Walker 2017,6.8,0.2325
Delanie Walker 2018,6.9375,0.2325
Delanie Walker 2019,7.0,0.1842
Demarcus Dobbs 2015,0.0,0.0
Demarcus Dobbs 2016,0.0,0.0
Demarcus Robinson 2017,0.0,0.0
Demarcus Robinson 2018,2.4375,0.0731
Demarcus Robinson 2019,2.0625,0.0568
Demaryius Thomas 2014,8.875,0.2141
Demaryius Thomas 2015,11.5,0.3199
Demaryius Thomas 2016,11.0625,0.2946
Demaryius Thomas 2017,9.0,0.2631
Demaryius Thomas 2018,8.75,0.2596
Demaryius Thomas 2019,5.85715,0.1886
Demetrius Harris 2015,0.625,0.0201
Demetrius Harris 2016,0.6875,0.026
Demetrius Harris 2017,1.9375,0.0578
Demetrius Harris 2018,2.1875,0.0626
Demetrius Harris 2019,1.6667,0.0429
Denard Robinson 2014,0.0625,0.002
Denard Robinson 2015,2.3846,0.0704
Denard Robinson 2016,2.3077,0.0611
Denard Robinson 2017,0.3846,0.0091
Denarius Moore 2014,6.6154,0.2206
Denarius Moore 2015,2.7,0.0783
Denarius Moore 2016,0.0,0.0
Dennis Johnson 2014,1.5,0.0432
Dennis Pitta 2014,8.25,0.1814
Dennis Pitta 2015,7.3333,0.1599
Dennis Pitta 2017,7.5625,0.1766
Deontay Burnett 2019,3.0,0.1011
Deonte Thompson 2014,2.8571,0.0773
Deonte Thompson 2015,0.0,0.0
Deonte Thompson 2016,0.4286,0.017
Deonte Thompson 2017,2.25,0.065
Deonte Thompson 2018,4.07275,0.1222
Deonte Thompson 2019,2.25,0.0857
Derek Carrier 2015,1.4,0.0415
Derek Carrier 2016,1.8333,0.0517
Derek Carrier 2017,0.25,0.006
Derek Carrier 2018,0.7857,0.028
Derek Carrier 2019,0.75,0.024
Derek Hagan 2015,2.125,0.0656
Derek Watt 2017,0.2667,0.0071
Derek Watt 2018,0.1875,0.0051
Derek Watt 2019,0.0625,0.0022
Derrick Coleman 2014,0.6667,0.0237
Derrick Coleman 2015,0.4,0.0142
Derrick Coleman 2016,0.0714,0.0025
Derrick Coleman 2018,0.4375,0.0125
Derrick Coleman 2019,0.1875,0.0087
Derrick Henry 2017,1.0,0.0366
Derrick Henry 2018,1.0625,0.0348
Derrick Henry 2019,1.125,0.043
Derrick Willies 2019,1.0,0.0238
Detrez Newsome 2019,0.2,0.0053
Devante Mays 2018,0.375,0.0125
Devin Fuller 2017,,
Devin Funchess 2016,3.9375,0.1279
Devin Funchess 2017,3.8667,0.1133
Devin Funchess 2018,7.0,0.2306
Devin Funchess 2019,5.6429,0.1694
Devin Hester 2014,0.0,0.0
Devin Hester 2015,3.6875,0.0918
Devin Hester 2016,0.0,0.0
Devin Hester 2017,0.0,0.0
Devin Smith 2016,2.8,0.0712
Devin Smith 2017,0.75,0.0312
Devin Street 2015,0.4375,0.0134
Devin Street 2016,0.9286,0.0277
Devin Street 2017,1.5,0.0406
Devon Johnson 2014,0.0,0.0
Devon Johnson 2017,,
Devon Wylie 2014,0.0,0.0
Devonta Freeman 2015,2.375,0.0596
Devonta Freeman 2016,6.4667,0.1669
Devonta Freeman 2017,4.0625,0.1254
Devonta Freeman 2018,3.3571,0.0985
Devonta Freeman 2019,3.5,0.0869
Devontae Booker 2017,2.875,0.0814
Devontae Booker 2018,2.9231,0.0801
Devontae Booker 2019,3.1875,0.088
Dexter McCluster 2014,5.5333,0.1646
Dexter McCluster 2015,2.5,0.079
Dexter McCluster 2016,3.4167,0.1028
Dexter McCluster 2017,1.8333,0.0479
Dez Bryant 2014,9.9375,0.2689
Dez Bryant 2015,8.5,0.2956
Dez Bryant 2016,8.0,0.2585
Dez Bryant 2017,7.3846,0.2475
Dez Bryant 2018,8.25,0.2684
Dezmin Lewis 2016,0.0,0.0
Dezmin Lewis 2017,1.0,0.0286
Dion Lewis 2016,7.1429,0.195
Dion Lewis 2017,3.4286,0.0853
Dion Lewis 2018,2.1875,0.0611
Dion Lewis 2019,4.1875,0.1548
Dion Sims 2014,0.6667,0.0178
Dion Sims 2015,2.5714,0.0724
Dion Sims 2016,1.9231,0.0605
Dion Sims 2017,2.5,0.092
Dion Sims 2018,2.0714,0.0806
Dion Sims 2019,0.5,0.0137
Domenik Hixon 2014,0.6,0.0236
Dominique Jones 2014,0.25,0.006
Dominique Jones 2015,,
Dominique Jones 2017,1.1111,0.0423
Don Jackson 2017,0.3333,0.006
Donald Brown 2014,2.1875,0.0578
Donald Brown 2015,3.1538,0.0942
Donald Brown 2016,1.3,0.0343
Donnie Avery 2014,4.4375,0.1313
Donnie Avery 2015,4.3333,0.138
Donte Moncrief 2015,3.0625,0.08
Donte Moncrief 2016,6.5625,0.1709
Donte Moncrief 2017,6.2222,0.1785
Donte Moncrief 2018,3.9167,0.1268
Donte Moncrief 2019,5.625,0.1617
Donteea Dye 2016,3.2222,0.087
Donteea Dye 2017,0.0,0.0
Dontrell Hilliard 2019,0.9091,0.0288
Dontrelle Inman 2015,2.8333,0.067
Dontrelle Inman 2016,4.5,0.1127
Dontrelle Inman 2017,6.0625,0.1701
Dontrelle Inman 2018,3.0,0.09455
Dontrelle Inman 2019,4.3333,0.1232
Dorial Green-Beckham 2016,4.1875,0.1228
Dorial Green-Beckham 2017,4.9333,0.1316
Dorin Dickerson 2014,1.0,0.0289
Doug Baldwin 2014,4.5625,0.1701
Doug Baldwin 2015,6.125,0.2274
Doug Baldwin 2016,6.4375,0.2171
Doug Baldwin 2017,7.8125,0.2283
Doug Baldwin 2018,7.25,0.2153
Doug Baldwin 2019,5.6154,0.2289
Doug Martin 2014,4.0,0.1105
Doug Martin 2015,1.8182,0.0523
Doug Martin 2016,2.75,0.0853
Doug Martin 2017,2.0,0.0638
Doug Martin 2018,1.6364,0.0421
Doug Martin 2019,1.5,0.0489
Drew Davis 2014,1.0625,0.0254
Drew Davis 2015,0.0,0.0
Dri Archer 2015,0.8333,0.0226
Dri Archer 2016,0.0,0.0
DuJuan Harris 2015,0.1333,0.0033
DuJuan Harris 2016,3.5,0.0833
DuJuan Harris 2017,1.0,0.027
Duke Johnson Jr 2016,4.625,0.1172
Duke Johnson Jr 2017,4.625,0.134
Duke Johnson Jr 2018,5.8125,0.1645
Duke Johnson Jr 2019,3.875,0.1094
Durham Smythe 2019,0.7333,0.0278
Dwayne Allen 2014,2.0,0.087
Dwayne Allen 2015,3.8462,0.0888
Dwayne Allen 2016,2.2308,0.0563
Dwayne Allen 2017,3.7143,0.1051
Dwayne Allen 2018,1.375,0.0388
Dwayne Allen 2019,0.3077,0.0086
Dwayne Bowe 2014,6.8667,0.2066
Dwayne Bowe 2015,6.3333,0.2188
Dwayne Bowe 2016,1.8571,0.0602
Dwayne Harris 2014,1.0769,0.0299
Dwayne Harris 2015,0.75,0.0237
Dwayne Harris 2016,3.8,0.0967
Dwayne Harris 2017,0.0625,0.0023
Dwayne Harris 2018,0.0,0.0
Dwayne Harris 2019,0.4,0.0126
Dwayne Washington 2017,1.25,0.0333
Dwayne Washington 2018,0.4,0.0125
Dwayne Washington 2019,0.0,0.0
E.J. Bibbs 2016,0.2857,0.0069
Earl Bennett 2014,2.8667,0.0786
Ed Dickson 2014,2.6875,0.0702
Ed Dickson 2015,1.0625,0.0343
Ed Dickson 2016,1.625,0.055
Ed Dickson 2017,1.1875,0.0322
Ed Dickson 2018,3.0,0.0917
Ed Dickson 2019,1.3,0.0544
Eddie Lacy 2014,2.9333,0.0923
Eddie Lacy 2015,3.4375,0.1068
Eddie Lacy 2016,1.8667,0.0582
Eddie Lacy 2017,1.4,0.0436
Eddie Lacy 2018,0.6667,0.0188
Eddie Royal 2014,4.4667,0.1383
Eddie Royal 2015,5.6875,0.1574
Eddie Royal 2016,5.5556,0.1686
Eddie Royal 2017,4.7778,0.135
Edwin Baker 2014,3.0,0.0781
Edwin Baker 2015,0.0,0.0
Eli Rogers 2017,5.0769,0.1392
Eli Rogers 2018,2.5714,0.0701
Eli Rogers 2019,4.6667,0.1139
Elijah Hood 2018,0.0,0.0
Elijah McGuire 2018,1.625,0.0499
Elijah McGuire 2019,3.875,0.1199
Elijhaa Penny 2018,0.375,0.011
Elijhaa Penny 2019,0.75,0.0274
Emanuel Byrd 2018,2.0,0.0667
Emmanuel Sanders 2014,7.0,0.1934
Emmanuel Sanders 2015,8.8125,0.2365
Emmanuel Sanders 2016,9.1333,0.2403
Emmanuel Sanders 2017,8.5625,0.2531
Emmanuel Sanders 2018,7.6667,0.2307
Emmanuel Sanders 2019,8.25,0.2563
Equanimeous St. Brown 2019,3.2727,0.0917
Eric Decker 2014,8.5,0.2
Eric Decker 2015,7.6,0.2653
Eric Decker 2016,8.8,0.2428
Eric Decker 2017,7.0,0.1906
Eric Decker 2018,5.1875,0.1772
Eric Ebron 2015,3.6923,0.1022
Eric Ebron 2016,5.0,0.1376
Eric Ebron 2017,6.5385,0.1689
Eric Ebron 2018,5.375,0.1579
Eric Ebron 2019,6.875,0.1687
Eric Page 2014,0.5625,0.0139
Eric Rogers 2017,,
Eric Saubert 2018,0.0,0.0
Eric Saubert 2019,0.5625,0.0131
Eric Tomlinson 2018,0.7857,0.0264
Eric Tomlinson 2019,0.9333,0.0307
Eric Weems 2014,0.125,0.0035
Eric Weems 2015,0.7333,0.0219
Eric Weems 2016,0.0625,0.0014
Eric Weems 2017,0.0,0.0
Eric Weems 2018,0.125,0.0039
Erik Lorig 2014,0.9333,0.034
Erik Lorig 2015,1.0,0.0262
Erik Swoope 2016,0.0,0.0
Erik Swoope 2017,1.375,0.0413
Erik Swoope 2019,1.4286,0.033
Evan Engram 2018,7.6667,0.2111
Evan Engram 2019,5.8182,0.1616
Evan Rodriguez 2014,0.1429,0.0051
Evan Rodriguez 2015,0.0,0.0
Evan Royster 2014,0.1,0.0024
Evan Spencer 2016,0.0,0.0
Ezekiel Elliott 2017,2.6667,0.0957
Ezekiel Elliott 2018,3.8,0.1232
Ezekiel Elliott 2019,6.3333,0.1982
Felix Jones 2014,0.8125,0.0217
Fitzgerald Toussaint 2015,3.0,0.066
Fitzgerald Toussaint 2016,0.0,0.0
Fitzgerald Toussaint 2017,0.1875,0.0053
Fitzgerald Toussaint 2018,0.5,0.0192
Fozzy Whittaker 2014,1.63635,0.0386
Fozzy Whittaker 2015,0.6,0.0158
Fozzy Whittaker 2016,1.0,0.0334
Fozzy Whittaker 2017,2.0625,0.0557
Fozzy Whittaker 2018,0.5,0.0178
Frank Gore 2014,1.625,0.0647
Frank Gore 2015,1.1875,0.0388
Frank Gore 2016,3.625,0.0949
Frank Gore 2017,2.9375,0.0826
Frank Gore 2018,2.375,0.0817
Frank Gore 2019,1.1429,0.0421
Frank Summers 2014,0.5333,0.0179
Frank Summers 2015,0.8,0.0202
Frankie Hammond 2015,0.6875,0.022
Frankie Hammond 2016,0.0,0.0
Fred Davis 2014,1.8,0.047
Fred Jackson 2014,4.0625,0.1235
Fred Jackson 2015,6.4286,0.1684
Fred Jackson 2016,2.5625,0.088
Freddie Martino 2017,1.1111,0.0351
Freddie Martino 2018,0.75,0.0227
Freddie Martino 2019,0.25,0.0089
Gabe Holmes 2017,,
Gabe Holmes 2018,0.5,0.0125
Gabe Holmes 2019,0.0,0.0
Garrett Celek 2014,0.3333,0.0117
Garrett Celek 2015,0.6667,0.0286
Garrett Celek 2016,2.5455,0.0915
Garrett Celek 2017,3.1875,0.1005
Garrett Celek 2018,2.0625,0.0592
Garrett Celek 2019,0.5333,0.0186
Garrett Graham 2014,6.8462,0.1798
Garrett Graham 2015,2.5455,0.0769
Garrett Graham 2016,2.375,0.047
Garrett Graham 2017,,
Garrett Griffin 2018,1.0,0.0333
Gary Barnidge 2014,1.125,0.0286
Gary Barnidge 2015,1.9231,0.0555
Gary Barnidge 2016,7.8125,0.2024
Gary Barnidge 2017,5.0625,0.1468
Gator Hoskins 2015,0.4,0.0112
Gavin Escobar 2014,0.9375,0.0266
Gavin Escobar 2015,0.8125,0.0301
Gavin Escobar 2016,0.9286,0.028
Gavin Escobar 2017,0.4375,0.0141
Gavin Escobar 2018,0.0,0.0
Gehrig Dieter 2019,0.75,0.0253
Geoff Swaim 2016,0.25,0.0074
Geoff Swaim 2017,0.8889,0.0303
Geoff Swaim 2018,0.1333,0.0055
Geoff Swaim 2019,3.5556,0.1158
George Farmer 2017,1.5,0.0434
George Kittle 2018,4.2,0.1084
George Kittle 2019,8.4375,0.2689
George Winn 2015,0.25,0.0073
George Winn 2016,0.0,0.0
Gerald Christian 2017,0.6667,0.019
Gerald Everett 2018,2.0,0.0661
Gerald Everett 2019,3.1875,0.0936
Geremy Davis 2016,0.3,0.0073
Geremy Davis 2017,0.6667,0.0166
Geremy Davis 2018,0.0,0.0
Geremy Davis 2019,0.0714,0.0023
Geronimo Allison 2017,2.2,0.0555
Geronimo Allison 2018,2.6,0.0679
Geronimo Allison 2019,6.0,0.1535
Giovani Bernard 2014,4.4375,0.124
Giovani Bernard 2015,4.5385,0.1447
Giovani Bernard 2016,4.125,0.1269
Giovani Bernard 2017,5.1,0.1439
Giovani Bernard 2018,3.75,0.1154
Giovani Bernard 2019,4.0,0.1212
Glenn Gronkowski 2017,0.0,0.0
Glenn Winston 2015,0.0,0.0
Glenn Winston 2016,0.0,0.0
Glenn Winston 2017,,
Golden Tate 2014,6.1875,0.2424
Golden Tate 2015,8.9375,0.2421
Golden Tate 2016,8.0625,0.2084
Golden Tate 2017,8.4375,0.2372
Golden Tate 2018,7.5,0.2158
Golden Tate 2019,7.67855,0.21775
Greg Jennings 2014,7.0667,0.2192
Greg Jennings 2015,5.6875,0.1854
Greg Jennings 2016,2.25,0.059
Greg Jones 2014,0.6875,0.0173
Greg Little 2014,6.1875,0.1501
Greg Little 2015,2.0,0.0629
Greg Olsen 2014,6.9375,0.2463
Greg Olsen 2015,7.6875,0.2249
Greg Olsen 2016,7.75,0.2469
Greg Olsen 2017,8.0625,0.2353
Greg Olsen 2018,5.4286,0.1882
Greg Olsen 2019,4.2222,0.1395
Greg Salas 2014,1.625,0.066
Greg Salas 2015,2.3,0.0713
Greg Salas 2016,2.5,0.0893
Greg Salas 2017,3.0,0.1061
Griff Whalen 2014,4.4444,0.1139
Griff Whalen 2015,0.3,0.0067
Griff Whalen 2016,1.8571,0.0504
Griff Whalen 2017,0.5,0.0129
Griff Whalen 2018,3.0,0.0769
Gus Edwards 2019,0.1818,0.0062
Hakeem Nicks 2014,6.7333,0.1894
Hakeem Nicks 2015,4.3125,0.1037
Hakeem Nicks 2016,2.3333,0.0585
Hakeem Valles 2018,0.0,0.0
Hakeem Valles 2019,1.0,0.0243
Harry Douglas 2014,8.25,0.2039
Harry Douglas 2015,6.1667,0.1598
Harry Douglas 2016,5.1429,0.1454
Harry Douglas 2017,2.0,0.0594
Harry Douglas 2018,1.5,0.0625
Hayden Hurst 2019,1.9167,0.0679
Heath Miller 2014,5.5714,0.1551
Heath Miller 2015,5.6875,0.1524
Heath Miller 2016,5.4,0.1432
Henry Hynoski 2014,0.6667,0.0205
Henry Hynoski 2015,0.0,0.0
Henry Krieger-Coble 2017,0.5,0.0128
Henry Krieger-Coble 2018,0.0,0.0
Hunter Henry 2017,3.5333,0.1014
Hunter Henry 2018,4.4286,0.1235
Hunter Sharp 2018,4.0,0.1299
Ian Thomas 2019,3.0625,0.0884
Ifeanyi Momah 2017,0.75,0.0158
Ifeanyi Momah 2018,0.2222,0.0062
Isaac Redman 2014,1.25,0.037
Isaiah Burse 2017,0.4444,0.0117
Isaiah Crowell 2015,0.875,0.0279
Isaiah Crowell 2016,1.375,0.0375
Isaiah Crowell 2017,3.3125,0.0979
Isaiah Crowell 2018,2.625,0.074
Isaiah Crowell 2019,2.1538,0.0654
Isaiah Ford 2019,1.0,0.0417
Isaiah McKenzie 2018,1.1818,0.0343
Isaiah McKenzie 2019,2.14285,0.07605
Isaiah Pead 2014,1.5,0.0328
Isaiah Pead 2016,0.0,0.0
Isaiah Pead 2017,0.3333,0.0133
Ito Smith 2019,2.2857,0.0592
J'Mon Moore 2019,0.25,0.0065
J.D. McKissic 2018,3.5385,0.1094
J.D. McKissic 2019,0.2,0.0125
J.J. Nelson 2016,2.4545,0.073
J.J. Nelson 2017,5.1429,0.1332
J.J. Nelson 2018,3.8125,0.1034
J.J. Nelson 2019,1.3571,0.0408
Jace Amaro 2015,3.7857,0.1253
Jace Amaro 2017,1.3333,0.0404
Jace Billingsley 2018,0.0,0.0
Jack Doyle 2014,1.25,0.0342
Jack Doyle 2015,1.375,0.0377
Jack Doyle 2016,0.875,0.0265
Jack Doyle 2017,4.6875,0.1337
Jack Doyle 2018,7.2,0.2402
Jack Doyle 2019,5.5,0.1533
Jackie Battle 2014,0.3125,0.0097
Jackie Battle 2015,0.3125,0.0123
Jacob Hollister 2018,0.7333,0.0205
Jacob Hollister 2019,0.625,0.0173
Jacob Tamme 2014,1.5625,0.0372
Jacob Tamme 2015,1.8667,0.0425
Jacob Tamme 2016,5.4,0.1352
Jacob Tamme 2017,3.875,0.1109
Jacoby Ford 2014,1.7143,0.0557
Jacoby Jones 2014,5.5833,0.1456
Jacoby Jones 2015,1.125,0.028
Jacoby Jones 2016,0.0,0.0
Jacquizz Rodgers 2014,4.1333,0.1133
Jacquizz Rodgers 2015,2.5,0.0641
Jacquizz Rodgers 2016,0.6,0.0221
Jacquizz Rodgers 2017,1.6,0.0497
Jacquizz Rodgers 2018,0.6875,0.0163
Jacquizz Rodgers 2019,2.8125,0.0701
Jaelen Strong 2016,2.4,0.0713
Jaelen Strong 2017,3.0,0.0764
Jaelen Strong 2018,2.0,0.04
Jake Ballard 2014,1.125,0.0372
Jake Butt 2019,4.3333,0.1216
Jake Byrne 2014,0.0,0.0
Jake Kumerow 2019,2.2,0.0516
Jake Lampman 2017,0.0,0.0
Jake Stoneburner 2016,0.35715,0.00805
Jakeem Grant 2017,0.0625,0.0022
Jakeem Grant 2018,1.375,0.037
Jakeem Grant 2019,3.4,0.1187
Jalen Parmele 2015,0.0,0.0
Jalen Richard 2017,2.4375,0.0693
Jalen Richard 2018,2.25,0.0641
Jalen Richard 2019,5.0625,0.1567
Jalen Saunders 2015,0.1,0.0022
Jalen Tolliver 2019,2.0,0.0581
Jalin Marshall 2017,2.2222,0.0667
Jalston Fowler 2016,0.375,0.0126
Jalston Fowler 2017,0.1333,0.0055
Jalston Fowler 2018,0.1,0.0032
Jamaal Charles 2014,6.9333,0.2098
Jamaal Charles 2015,3.9333,0.1323
Jamaal Charles 2016,6.0,0.1812
Jamaal Charles 2017,1.0,0.0371
Jamaal Charles 2018,2.0,0.0568
Jamaal Charles 2019,1.5,0.0509
Jamaal Williams 2018,2.125,0.0654
Jamaal Williams 2019,2.5625,0.0591
James Casey 2014,0.4,0.0155
James Casey 2015,0.1875,0.0048
James Casey 2016,0.0,0.0
James Conner 2018,0.0714,0.0013
James Conner 2019,5.4615,0.1287
James Develin 2014,0.25,0.0064
James Develin 2015,0.5,0.0153
James Develin 2017,0.375,0.0097
James Develin 2018,0.625,0.0156
James Develin 2019,1.125,0.0318
James Hanna 2014,0.9375,0.0288
James Hanna 2015,0.375,0.0124
James Hanna 2016,1.0,0.0319
James Hanna 2017,,
James Hanna 2018,0.5625,0.0184
James Jones 2014,6.6429,0.1864
James Jones 2015,6.9375,0.1789
James Jones 2016,6.1875,0.1805
James O'Shaughnessy 2016,1.2857,0.0402
James O'Shaughnessy 2017,0.1875,0.0057
James O'Shaughnessy 2018,1.5,0.0472
James O'Shaughnessy 2019,2.7143,0.0855
James Starks 2014,1.0,0.0244
James Starks 2015,1.8125,0.0522
James Starks 2016,3.3125,0.0893
James Starks 2017,2.7778,0.0691
James Washington 2019,2.7143,0.0626
James White 2015,1.6667,0.0542
James White 2016,3.8571,0.1002
James White 2017,5.375,0.159
James White 2018,5.1429,0.1365
James White 2019,7.6875,0.2167
James Wright 2015,1.4545,0.049
James Wright 2017,1.4615,0.0414
Jamison Crowder 2016,4.875,0.1379
Jamison Crowder 2017,6.1875,0.1638
Jamison Crowder 2018,6.8667,0.2034
Jamison Crowder 2019,5.5556,0.2037
Jamize Olawale 2014,0.6875,0.0216
Jamize Olawale 2015,0.375,0.0109
Jamize Olawale 2016,0.7857,0.0202
Jamize Olawale 2017,0.875,0.0237
Jamize Olawale 2018,0.5833,0.0147
Jamize Olawale 2019,0.25,0.0076
Janarion Grant 2019,0.0,0.0
Jared Abbrederis 2016,1.6,0.0382
Jared Abbrederis 2017,0.4,0.0108
Jared Abbrederis 2018,1.0,0.0234
Jared Cook 2014,5.3125,0.1653
Jared Cook 2015,6.125,0.1853
Jared Cook 2016,4.6875,0.1745
Jared Cook 2017,5.1,0.1474
Jared Cook 2018,5.375,0.1634
Jared Cook 2019,6.3125,0.1833
Jarius Wright 2014,2.6875,0.0825
Jarius Wright 2015,3.875,0.1219
Jarius Wright 2016,3.125,0.1165
Jarius Wright 2017,1.75,0.0522
Jarius Wright 2018,1.5625,0.0492
Jarius Wright 2019,3.75,0.1079
Jaron Brown 2014,1.0625,0.0296
Jaron Brown 2015,2.0667,0.061
Jaron Brown 2016,1.5,0.041
Jaron Brown 2017,3.0,0.0766
Jaron Brown 2018,4.3125,0.1138
Jaron Brown 2019,1.3333,0.0548
Jarrett Boykin 2014,5.1875,0.1521
Jarrett Boykin 2015,0.9231,0.0274
Jarryd Hayne 2016,0.875,0.0275
Jarvis Landry 2015,7.0,0.1879
Jarvis Landry 2016,10.4375,0.2866
Jarvis Landry 2017,8.1875,0.2756
Jarvis Landry 2018,10.0625,0.2782
Jarvis Landry 2019,9.25,0.2647
Jason Avant 2014,4.75,0.15
Jason Avant 2015,3.9182,0.11499999999999999
Jason Avant 2016,1.5,0.0478
Jason Croom 2019,2.3333,0.0791
Jason Snelling 2014,2.4286,0.0596
Jason Vander Laan 2018,0.0,0.0
Jason Witten 2014,6.9375,0.1883
Jason Witten 2015,5.625,0.1947
Jason Witten 2016,6.5,0.2051
Jason Witten 2017,5.9375,0.1902
Jason Witten 2018,5.4375,0.1806
Javon Wims 2019,1.25,0.0481
Javontee Herndon 2016,4.125,0.1149
Javontee Herndon 2017,,
Javorius Allen 2016,3.875,0.0935
Javorius Allen 2017,0.5,0.0102
Javorius Allen 2018,3.75,0.1088
Javorius Allen 2019,3.0714,0.072
Jawill Davis 2019,1.3333,0.0334
Jay Ajayi 2016,1.2222,0.0319
Jay Ajayi 2017,2.3333,0.0745
Jay Ajayi 2018,2.42855,0.06609999999999999
Jay Ajayi 2019,1.5,0.0331
Jay Prosch 2015,0.25,0.0067
Jay Prosch 2016,0.0625,0.0016
Jay Prosch 2017,0.0667,0.0019
Jay Prosch 2018,0.25,0.0084
Jaydon Mickens 2018,1.1,0.0312
Jaydon Mickens 2019,0.0,0.0
Jaylen Samuels 2019,1.9333,0.0492
Je'Ron Hamm 2016,0.0,0.0
Je'Ron Hamm 2017,1.0,0.0303
Jed Collins 2014,1.125,0.0288
Jed Collins 2015,0.375,0.0089
Jeff Cumberland 2014,2.6667,0.0924
Jeff Cumberland 2015,2.9375,0.0983
Jeff Cumberland 2016,0.9333,0.0217
Jeff Cumberland 2017,,
Jeff Cumberland 2018,0.4286,0.0124
Jeff Demps 2014,1.5,0.0376
Jeff Heuerman 2017,1.5455,0.0453
Jeff Heuerman 2018,1.2857,0.0392
Jeff Heuerman 2019,4.4545,0.1258
Jeff Janis 2015,0.6667,0.0303
Jeff Janis 2016,0.75,0.0224
Jeff Janis 2017,1.1875,0.0262
Jeff Janis 2018,0.3125,0.0094
Jeff Maehl 2014,0.6,0.0169
Jeff Maehl 2015,0.75,0.0187
Jeff Wilson 2019,2.5,0.069
Jehu Chesson 2018,0.3333,0.0097
Jehu Chesson 2019,0.3333,0.0102
Jerell Adams 2017,1.6154,0.046
Jerell Adams 2018,0.6875,0.0214
Jeremy Butler 2016,5.5,0.1352
Jeremy Butler 2017,0.5,0.0159
Jeremy Ebert 2014,1.75,0.0537
Jeremy Hill 2015,2.0,0.065
Jeremy Hill 2016,1.1875,0.04
Jeremy Hill 2017,1.8,0.0503
Jeremy Hill 2018,0.7143,0.0246
Jeremy Hill 2019,1.0,0.0256
Jeremy Kerley 2014,6.0,0.2028
Jeremy Kerley 2015,4.6875,0.151
Jeremy Kerley 2016,1.625,0.0359
Jeremy Kerley 2017,7.1875,0.2447
Jeremy Kerley 2018,3.375,0.1212
Jeremy Kerley 2019,4.0,0.125
Jeremy Langford 2016,2.625,0.0856
Jeremy Langford 2017,2.25,0.0738
Jeremy Langford 2019,0.0,0.0
Jeremy Maclin 2015,9.0,0.2366
Jeremy Maclin 2016,8.2667,0.2949
Jeremy Maclin 2017,6.3333,0.1888
Jeremy Maclin 2018,6.0,0.1955
Jeremy McNichols 2018,0.0,0.0
Jeremy McNichols 2019,0.0,0.0
Jeremy Ross 2014,0.83335,0.020450000000000003
Jeremy Ross 2015,2.1875,0.0586
Jeremy Ross 2016,1.4,0.0341
Jeremy Ross 2017,1.0,0.0238
Jeremy Sprinkle 2018,0.2727,0.0085
Jeremy Sprinkle 2019,0.5625,0.023
Jeremy Stewart 2014,0.1538,0.0057
Jeremy Stewart 2015,0.0,0.0
Jerick McKinnon 2015,3.7273,0.112
Jerick McKinnon 2016,1.8125,0.0741
Jerick McKinnon 2017,3.5333,0.0938
Jerick McKinnon 2018,4.25,0.1292
Jermaine Gresham 2014,4.8571,0.1393
Jermaine Gresham 2015,5.3333,0.1713
Jermaine Gresham 2016,2.1333,0.0698
Jermaine Gresham 2017,3.9333,0.1017
Jermaine Gresham 2018,3.2857,0.0869
Jermaine Gresham 2019,0.9231,0.0351
Jermaine Kearse 2014,2.375,0.0915
Jermaine Kearse 2015,4.6,0.1716
Jermaine Kearse 2016,4.25,0.1429
Jermaine Kearse 2017,5.5625,0.1611
Jermaine Kearse 2018,6.375,0.2138
Jermaine Kearse 2019,5.4286,0.1718
Jermichael Finley 2014,5.6667,0.1673
Jerome Cunningham 2016,1.7778,0.0416
Jerome Cunningham 2019,1.0,0.0238
Jerome Felton 2014,0.6154,0.0171
Jerome Felton 2015,0.125,0.0031
Jerome Felton 2016,0.125,0.0049
Jerome Felton 2017,0.6,0.0175
Jerome Simpson 2014,6.25,0.202
Jerome Simpson 2016,3.8,0.11
Jeron Mastrud 2014,0.8125,0.0264
Jerrel Jernigan 2014,3.0,0.0848
Jerrel Jernigan 2015,4.5,0.1386
Jerricho Cotchery 2014,4.75,0.1323
Jerricho Cotchery 2015,5.2,0.1586
Jerricho Cotchery 2016,3.8571,0.1234
Jesse James 2016,1.375,0.0331
Jesse James 2017,3.75,0.1008
Jesse James 2018,4.0,0.1008
Jesse James 2019,2.4375,0.0573
Jim Dray 2014,2.0,0.0588
Jim Dray 2015,1.6875,0.0569
Jim Dray 2016,1.0,0.0296
Jim Dray 2017,0.0,0.0
Jim Dray 2018,0.0,0.0
Jimmy Graham 2014,8.875,0.2199
Jimmy Graham 2015,7.8125,0.1915
Jimmy Graham 2016,6.7273,0.2398
Jimmy Graham 2017,5.9375,0.183
Jimmy Graham 2018,5.9375,0.1768
Jimmy Graham 2019,5.6875,0.1419
JoJo Natson 2018,0.8333,0.0241
JoJo Natson 2019,0.0,0.0
Joe Anderson 2014,0.1667,0.0048
Joe Banyard 2015,0.7333,0.0244
Joe Banyard 2016,0.0,0.0
Joe Banyard 2017,0.0,0.0
Joe Banyard 2018,0.0,0.0
Joe Kerridge 2018,0.25,0.0072
Joe McKnight 2015,3.5,0.14
Joe Mixon 2018,2.4286,0.0887
Joe Mixon 2019,3.9286,0.1266
Joe Morgan 2015,2.0,0.0445
Joe Morgan 2016,0.0,0.0
Joel Dreessen 2014,0.6923,0.0159
Joey Iosefa 2016,0.0,0.0
John Brown 2015,6.4375,0.1832
John Brown 2016,6.4615,0.1905
John Brown 2017,4.5833,0.1134
John Brown 2018,5.5,0.1479
John Brown 2019,6.0625,0.1775
John Carlson 2014,3.6923,0.1182
John Carlson 2015,3.375,0.0969
John Conner 2014,0.8462,0.024
John Conner 2015,0.25,0.0086
John Crockett 2016,0.0,0.0
John Crockett 2017,,
John Kelly 2019,0.75,0.0294
John Kuhn 2014,1.2667,0.038
John Kuhn 2015,0.25,0.0083
John Kuhn 2016,0.625,0.0177
John Kuhn 2017,1.25,0.0314
John Kuhn 2018,0.0,0.0
John Phillips 2014,0.4,0.0127
John Phillips 2015,0.0625,0.002
John Phillips 2016,0.6875,0.0177
John Phillips 2017,0.875,0.02215
John Phillips 2018,0.0,0.0
John Phillips 2019,0.375,0.0116
John Ross 2018,0.6667,0.0217
John Ross 2019,4.4615,0.1463
Johnathan Franklin 2014,0.5,0.0135
Johnny Holton 2017,0.2143,0.0057
Johnny Holton 2018,1.125,0.033
Johnny Holton 2019,1.0,0.0303
Johnny Mundt 2019,0.1,0.0037
Joique Bell 2014,4.3125,0.1166
Joique Bell 2015,3.5333,0.0978
Joique Bell 2016,2.0769,0.0599
Joique Bell 2017,0.16665,0.0049
Jon Baldwin 2014,1.2857,0.0561
Jonas Gray 2015,0.375,0.0097
Jonas Gray 2016,0.83335,0.024550000000000002
Jonathan Dwyer 2014,0.7333,0.0201
Jonathan Dwyer 2015,1.5,0.0428
Jonathan Grimes 2014,3.0,0.0882
Jonathan Grimes 2015,0.5,0.013
Jonathan Grimes 2016,2.2143,0.0563
Jonathan Grimes 2017,1.8,0.0477
Jonathan Stewart 2014,1.1667,0.0352
Jonathan Stewart 2015,2.3846,0.0796
Jonathan Stewart 2016,1.6154,0.0518
Jonathan Stewart 2017,1.6154,0.0496
Jonathan Stewart 2018,1.0,0.0326
Jonathan Stewart 2019,0.0,0.0
Jonathan Williams 2017,0.1818,0.0084
Jonathan Williams 2019,0.3333,0.0068
Jonnu Smith 2018,1.875,0.0615
Jonnu Smith 2019,2.3846,0.0866
Jordan Akins 2019,1.5625,0.0496
Jordan Cameron 2014,7.8667,0.1868
Jordan Cameron 2015,4.8,0.1767
Jordan Cameron 2016,4.375,0.1257
Jordan Cameron 2017,3.6667,0.0993
Jordan Franks 2019,1.0,0.0302
Jordan Howard 2017,3.3333,0.0923
Jordan Howard 2018,2.0,0.0688
Jordan Howard 2019,1.6875,0.0531
Jordan Leggett 2018,,
Jordan Leggett 2019,1.6667,0.0535
Jordan Matthews 2015,6.4375,0.169
Jordan Matthews 2016,8.0,0.2159
Jordan Matthews 2017,8.2857,0.2306
Jordan Matthews 2018,3.6,0.1235
Jordan Matthews 2019,2.0,0.0558
Jordan Norwood 2016,2.9091,0.0746
Jordan Norwood 2017,2.5,0.0709
Jordan Payton 2017,0.75,0.0168
Jordan Reed 2014,6.5556,0.1762
Jordan Reed 2015,5.9091,0.1695
Jordan Reed 2016,8.1429,0.2402
Jordan Reed 2017,7.4167,0.1922
Jordan Reed 2018,5.8333,0.1742
Jordan Reed 2019,6.4615,0.2076
Jordan Taylor 2017,1.5625,0.0424
Jordan Taylor 2018,2.0,0.0558
Jordan Thomas 2019,1.6875,0.0599
Jordan Thompson 2015,,
Jordan Todman 2014,1.625,0.0452
Jordan Todman 2015,2.3125,0.0675
Jordan Todman 2016,0.1818,0.0036
Jordan Todman 2017,0.0625,0.0022
Jordan Todman 2018,0.0,0.0
Jordan Wilkins 2019,1.0625,0.0271
Jordy Nelson 2014,7.9375,0.2449
Jordy Nelson 2015,9.4375,0.2841
Jordy Nelson 2017,9.5,0.2557
Jordy Nelson 2018,5.8667,0.1792
Jordy Nelson 2019,5.8667,0.1785
Jorvorskie Lane 2015,0.1111,0.0056
Jorvorskie Lane 2016,0.125,0.0034
Joseph Fauria 2014,1.875,0.0461
Joseph Fauria 2015,1.7143,0.0474
Joseph Randle 2014,0.8333,0.0241
Joseph Randle 2015,0.3125,0.0116
Joseph Randle 2016,1.6667,0.0459
Josh Adams 2019,1.0,0.0311
Josh Bellamy 2014,0.0,0.0
Josh Bellamy 2015,0.25,0.0074
Josh Bellamy 2016,2.125,0.0677
Josh Bellamy 2017,2.375,0.0773
Josh Bellamy 2018,3.0667,0.091
Josh Bellamy 2019,1.625,0.0544
Josh Boyce 2014,2.375,0.0521
Josh Boyce 2015,0.0,0.0
Josh Cooper 2014,2.8,0.0716
Josh Cribbs 2014,0.3333,0.0167
Josh Cribbs 2015,0.1667,0.0039
Josh Doctson 2017,3.0,0.0685
Josh Doctson 2018,4.875,0.1462
Josh Doctson 2019,5.2667,0.1752
Josh Ferguson 2017,1.625,0.0425
Josh Ferguson 2018,0.4,0.0124
Josh Gordon 2014,11.3571,0.2721
Josh Gordon 2015,9.4,0.3086
Josh Gordon 2017,,
Josh Gordon 2018,8.6,0.2622
Josh Gordon 2019,4.5908999999999995,0.1239
Josh Harris 2015,0.0,0.0
Josh Hill 2014,0.7143,0.0198
Josh Hill 2015,1.25,0.0326
Josh Hill 2016,1.875,0.0473
Josh Hill 2017,2.4444,0.0617
Josh Hill 2018,1.375,0.0434
Josh Hill 2019,1.5,0.0456
Josh Huff 2015,1.5,0.0391
Josh Huff 2016,2.6667,0.0643
Josh Huff 2017,2.4642999999999997,0.08
Josh Malone 2018,1.5455,0.0601
Josh Malone 2019,0.5556,0.015
Josh Morgan 2014,2.4286,0.0655
Josh Morgan 2015,1.3571,0.0343
Josh Perkins 2019,1.2222,0.03
Josh Reynolds 2018,1.5,0.0455
Josh Reynolds 2019,3.3125,0.0923
Josh Robinson 2016,1.2,0.0363
Josh Vaughan 2014,2.0,0.0465
JuJu Smith-Schuster 2018,5.6429,0.1744
JuJu Smith-Schuster 2019,10.375,0.24
Julian Edelman 2014,9.4375,0.2494
Julian Edelman 2015,9.5714,0.2572
Julian Edelman 2016,9.7778,0.239
Julian Edelman 2017,9.9375,0.2948
Julian Edelman 2019,9.0,0.2601
Julian Talley 2015,0.0,0.0
Julio Jones 2014,11.8,0.2795
Julio Jones 2015,10.8667,0.2833
Julio Jones 2016,12.6875,0.3298
Julio Jones 2017,9.2143,0.2743
Julio Jones 2018,9.25,0.2909
Julio Jones 2019,10.625,0.2819
Julius Thomas 2014,6.4286,0.1502
Julius Thomas 2015,4.7692,0.1311
Julius Thomas 2016,6.6667,0.1768
Julius Thomas 2017,5.6667,0.1329
Julius Thomas 2018,4.4286,0.1245
Junior Hemingway 2014,1.1875,0.0391
Junior Hemingway 2015,1.5,0.048
Juron Criner 2014,8.0,0.1569
Justice Cunningham 2014,1.0,0.027
Justice Cunningham 2016,0.0,0.0
Justin Blackmon 2014,12.0,0.3074
Justin Brown 2015,2.625,0.0754
Justin Davis 2018,0.0,0.0
Justin Davis 2019,0.0,0.0
Justin Forsett 2014,1.7778,0.0457
Justin Forsett 2015,3.6875,0.1047
Justin Forsett 2016,4.1,0.0999
Justin Forsett 2017,2.8888999999999996,0.07616666666666666
Justin Hardee 2018,0.0,0.0
Justin Hardee 2019,0.0625,0.002
Justin Hardy 2016,4.0,0.1042
Justin Hardy 2017,2.0667,0.0621
Justin Hardy 2018,1.8125,0.0545
Justin Hardy 2019,1.375,0.0338
Justin Hunter 2014,3.0,0.0944
Justin Hunter 2015,5.5833,0.1745
Justin Hunter 2016,3.4444,0.1119
Justin Hunter 2017,0.95835,0.0332
Justin Hunter 2018,1.4286,0.0392
Justin Hunter 2019,2.6,0.0665
Justin Jackson 2019,2.1111,0.0631
Justin Perillo 2016,1.4444,0.0355
Justin Perillo 2017,0.5556,0.0146
Justin Watson 2019,0.25,0.007
Juwan Thompson 2015,0.4667,0.0146
Juwan Thompson 2016,0.6,0.0138
Juwan Thompson 2017,0.1429,0.0037
KaDeem Carey 2015,0.4286,0.0128
KaDeem Carey 2016,0.3,0.0093
KaDeem Carey 2017,0.5833,0.0189
Kaelin Clay 2016,0.0,0.0
Kaelin Clay 2017,,
Kaelin Clay 2018,1.45835,0.055650000000000005
Kaelin Clay 2019,0.0,0.0
Kalen Ballage 2019,0.9167,0.0392
Kamar Aiken 2015,2.0625,0.0619
Kamar Aiken 2016,7.9375,0.1943
Kamar Aiken 2017,3.125,0.0753
Kamar Aiken 2018,2.9333,0.0911
Kamar Aiken 2019,1.4,0.0295
Kapri Bibbs 2016,0.0,0.0
Kapri Bibbs 2017,0.3333,0.0102
Kapri Bibbs 2018,5.6667,0.1684
Kapri Bibbs 2019,2.15,0.06495000000000001
Kareem Hunt 2018,3.9375,0.1209
Kareem Hunt 2019,3.1818,0.0908
Karlos Williams 2016,1.2727,0.0444
Kasen Williams 2016,1.0,0.0345
Kasen Williams 2017,1.0,0.0286
Kasen Williams 2018,2.5714,0.0704
Kassim Osgood 2014,0.0714,0.0034
Kassim Osgood 2015,0.0769,0.0017
Keavon Milton 2014,0.0,0.0
Keavon Milton 2015,0.0,0.0
Keelan Cole 2018,5.1875,0.1556
Keelan Cole 2019,4.375,0.1235
Keenan Allen 2014,6.9333,0.205
Keenan Allen 2015,8.6429,0.249
Keenan Allen 2016,11.125,0.2586
Keenan Allen 2017,7.0,0.1944
Keenan Allen 2018,9.9375,0.2768
Keenan Allen 2019,8.5625,0.2766
Keenan Reynolds 2019,0.0,0.0
Keith Ford 2019,2.5,0.0718
Keith Kirkwood 2019,2.625,0.0887
Keith Marshall 2017,,
Keith Mumphery 2016,2.0,0.0452
Keith Mumphery 2017,1.0909,0.0306
Keith Smith 2019,0.4375,0.0141
Keke Coutee 2019,6.8333,0.2189
Kellen Davis 2014,0.2667,0.0091
Kellen Davis 2015,0.5,0.0118
Kellen Davis 2016,0.6875,0.0187
Kellen Davis 2017,0.1429,0.0042
Kellen Winslow Jr 2014,3.9167,0.1284
Kelvin Benjamin 2015,9.0625,0.2762
Kelvin Benjamin 2017,7.375,0.2157
Kelvin Benjamin 2018,5.4375,0.1893
Kelvin Benjamin 2019,3.4166999999999996,0.1117
Kenbrell Thompkins 2014,5.75,0.1438
Kenbrell Thompkins 2015,4.29165,0.0892
Kenbrell Thompkins 2016,4.7143,0.1212
Kenbrell Thompkins 2017,,
Kendall Gaskins 2016,1.1111,0.0237
Kendall Hunter 2014,0.25,0.01
Kendall Hunter 2016,0.0,0.0
Kendall Wright 2014,8.6875,0.2618
Kendall Wright 2015,6.6429,0.22
Kendall Wright 2016,6.0,0.1811
Kendall Wright 2017,3.9091,0.1322
Kendall Wright 2018,5.6875,0.1778
Kendrick Bourne 2018,3.0909,0.0867
Kendrick Bourne 2019,4.125,0.1277
Kenjon Barner 2014,0.4286,0.012
Kenjon Barner 2016,1.2,0.034
Kenjon Barner 2017,0.8462,0.0187
Kenjon Barner 2018,0.6154,0.0189
Kenjon Barner 2019,0.125,0.0023
Kennard Backman 2016,0.0,0.0
Kenneth Dixon 2017,3.4167,0.0799
Kenneth Dixon 2019,1.1667,0.051
Kenneth Farrow 2017,1.2308,0.0355
Kenny Britt 2014,2.9167,0.0834
Kenny Britt 2015,5.25,0.1662
Kenny Britt 2016,4.5,0.1582
Kenny Britt 2017,7.4,0.2257
Kenny Britt 2018,2.94445,0.08095
Kenny Golladay 2018,4.3636,0.131
Kenny Golladay 2019,7.8667,0.2227
Kenny Stills 2014,3.125,0.0788
Kenny Stills 2015,5.5333,0.1439
Kenny Stills 2016,3.9375,0.102
Kenny Stills 2017,5.0625,0.174
Kenny Stills 2018,6.5625,0.1775
Kenny Stills 2019,4.2667,0.1697
Kenyan Drake 2017,0.625,0.023
Kenyan Drake 2018,3.0,0.0787
Kenyan Drake 2019,4.5625,0.1695
Keon Hatcher 2019,0.6667,0.0202
Kerry Taylor 2014,4.2857,0.115
Kerryon Johnson 2019,3.9,0.1061
Kerwynn Williams 2014,0.0,0.0
Kerwynn Williams 2015,1.2,0.0383
Kerwynn Williams 2016,0.3333,0.0114
Kerwynn Williams 2017,0.2,0.0061
Kerwynn Williams 2018,0.9375,0.0271
Keshawn Martin 2014,2.5,0.0611
Keshawn Martin 2015,0.75,0.0277
Keshawn Martin 2016,4.1111,0.1178
Keshawn Martin 2017,0.0,0.0
Kevin Brock 2014,1.5,0.0412
Kevin Brock 2015,0.4286,0.0138
Kevin Cone 2014,0.0625,0.0014
Kevin Dorsey 2015,0.6667,0.0278
Kevin McDermott 2016,0.0,0.0
Kevin McDermott 2017,0.0,0.0
Kevin McDermott 2018,0.0,0.0
Kevin McDermott 2019,0.0,0.0
Kevin Norwood 2015,1.1111,0.041
Kevin Norwood 2016,1.0,0.027
Kevin Norwood 2017,,
Kevin Ogletree 2014,3.5416499999999997,0.09910000000000001
Kevin Ogletree 2015,1.2857,0.0341
Kevin White 2017,9.0,0.2545
Kevin White 2018,4.0,0.1
Kevin White 2019,0.8889,0.029
Khadarel Hodge 2019,0.25,0.006
Khari Lee 2016,0.3333,0.0108
Khari Lee 2017,0.125,0.0035
Khari Lee 2018,0.0,0.0
Khari Lee 2019,0.5,0.0152
Khiry Robinson 2014,0.0,0.0
Khiry Robinson 2015,1.2222,0.0288
Khiry Robinson 2016,2.5,0.0589
Khiry Robinson 2017,0.0,0.0
Kiero Small 2015,0.0,0.0
Kivon Cartwright 2017,,
Knile Davis 2014,0.9375,0.0309
Knile Davis 2015,1.5,0.0465
Knile Davis 2016,0.2143,0.0071
Knile Davis 2017,0.7778,0.0202
Knowshon Moreno 2014,4.625,0.1097
Knowshon Moreno 2015,0.3333,0.0108
Kolby Listenbee 2017,,
Konrad Reuland 2014,0.3,0.0085
Konrad Reuland 2016,0.0,0.0
Kory Sperry 2014,0.125,0.0032
Kris Durham 2014,5.3125,0.1331
Kris Durham 2015,2.75,0.0828
Kyle Adams 2014,0.0,0.0
Kyle Carter 2018,0.0,0.0
Kyle Juszczyk 2014,0.0625,0.002
Kyle Juszczyk 2015,1.6875,0.0562
Kyle Juszczyk 2016,3.5,0.0881
Kyle Juszczyk 2017,3.0625,0.0748
Kyle Juszczyk 2018,3.0,0.0869
Kyle Juszczyk 2019,2.5,0.0788
Kyle Miller 2016,0.0,0.0
Kyle Rudolph 2014,5.75,0.1683
Kyle Rudolph 2015,3.7778,0.122
Kyle Rudolph 2016,4.5625,0.1682
Kyle Rudolph 2017,8.25,0.2284
Kyle Rudolph 2018,5.0625,0.1525
Kyle Rudolph 2019,5.0625,0.1407
Kyle Williams 2014,1.5,0.05745
LaMichael James 2014,0.3,0.0109
LaMichael James 2015,0.25,0.00695
LaMichael James 2016,0.0,0.0
LaRod Stephens-Howling 2014,3.0,0.0909
LaRon Byrd 2015,0.0,0.0
LaRon Byrd 2017,,
LaVon Brazill 2014,2.7,0.0704
Ladarius Green 2014,1.8125,0.0554
Ladarius Green 2015,1.7857,0.0565
Ladarius Green 2016,4.8462,0.1247
Ladarius Green 2017,5.6667,0.1689
Lamar Miller 2014,2.1875,0.0616
Lamar Miller 2015,3.25,0.0883
Lamar Miller 2016,3.5625,0.103
Lamar Miller 2017,2.7857,0.0762
Lamar Miller 2018,2.8125,0.0871
Lamar Miller 2019,2.5,0.0876
Lance Dunbar 2014,0.7778,0.0186
Lance Dunbar 2015,1.375,0.0469
Lance Dunbar 2016,5.75,0.1774
Lance Dunbar 2017,2.0,0.0619
Lance Dunbar 2018,0.75,0.0216
Lance Kendricks 2014,3.0667,0.0985
Lance Kendricks 2015,2.375,0.0761
Lance Kendricks 2016,2.6667,0.0975
Lance Kendricks 2017,5.4375,0.1638
Lance Kendricks 2018,2.1875,0.0588
Lance Kendricks 2019,1.625,0.0436
Lance Lenoir Jr 2019,0.0,0.0
Lance Moore 2014,4.1538,0.0999
Lance Moore 2015,1.8571,0.0445
Lance Moore 2016,3.0714,0.0737
Laquon Treadwell 2017,0.3333,0.0076
Laquon Treadwell 2018,2.1875,0.0641
Laquon Treadwell 2019,3.5333,0.0926
Larry Donnell 2015,5.75,0.1544
Larry Donnell 2016,5.125,0.1465
Larry Donnell 2017,1.6923,0.0429
Larry Fitzgerald 2014,8.4375,0.2542
Larry Fitzgerald 2015,7.3571,0.2122
Larry Fitzgerald 2016,9.125,0.2797
Larry Fitzgerald 2017,9.4,0.2403
Larry Fitzgerald 2018,10.0625,0.2816
Larry Fitzgerald 2019,7.0,0.2279
Larry Pinkard 2018,0.25,0.0092
Latavius Murray 2015,1.5333,0.0407
Latavius Murray 2016,3.2,0.0827
Latavius Murray 2017,3.0714,0.0804
Latavius Murray 2018,1.0625,0.033
Latavius Murray 2019,1.625,0.0407
Lavelle Hawkins 2014,0.0,0.0
Le'Veon Bell 2014,5.0769,0.1353
Le'Veon Bell 2015,6.5625,0.1737
Le'Veon Bell 2016,4.3333,0.1552
Le'Veon Bell 2017,7.8333,0.2135
Le'Veon Bell 2018,7.0667,0.1902
LeGarrette Blount 2014,0.3125,0.0067
LeGarrette Blount 2015,0.7636499999999999,0.0199
LeGarrette Blount 2016,0.5833,0.015
LeGarrette Blount 2017,0.5,0.0159
LeGarrette Blount 2018,0.5,0.0131
LeGarrette Blount 2019,0.9375,0.0288
LeRon McClain 2014,0.1875,0.0077
LeSean McCoy 2014,4.0,0.1233
LeSean McCoy 2015,2.4375,0.0604
LeSean McCoy 2016,4.1667,0.1408
LeSean McCoy 2017,3.8667,0.1355
LeSean McCoy 2018,4.8125,0.166
LeSean McCoy 2019,3.2857,0.106
Lee Smith 2014,0.5625,0.0198
Lee Smith 2015,0.5714,0.0218
Lee Smith 2016,0.8667,0.026
Lee Smith 2017,1.5,0.0365
Lee Smith 2018,0.6875,0.0206
Lee Smith 2019,0.6875,0.0182
Leon Washington 2014,0.25,0.0064
Leon Washington 2015,1.9375,0.061
Leonard Fournette 2018,3.6923,0.1169
Leonard Fournette 2019,3.25,0.1296
Leonard Hankerson 2014,5.0,0.1368
Leonard Hankerson 2015,1.0,0.0312
Leonard Hankerson 2016,1.9166666666666667,0.050633333333333336
Leonte Carroo 2017,0.4286,0.0148
Leonte Carroo 2018,1.0,0.0246
Leonte Carroo 2019,0.4444,0.0162
Lestar Jean 2014,0.7273,0.0214
Levine Toilolo 2014,1.0,0.0217
Levine Toilolo 2015,3.3125,0.0839
Levine Toilolo 2016,0.75,0.019
Levine Toilolo 2017,1.1875,0.0353
Levine Toilolo 2018,0.9333,0.0307
Levine Toilolo 2019,1.5,0.0487
Logan Paulsen 2014,3.125,0.0836
Logan Paulsen 2015,1.0,0.0299
Logan Paulsen 2017,0.625,0.0185
Logan Paulsen 2018,0.1429,0.0032
Logan Paulsen 2019,0.6,0.0156
Logan Thomas 2015,0.0,0.0
Logan Thomas 2018,0.8182,0.0236
Logan Thomas 2019,1.4167,0.04
Lorenzo Taliaferro 2015,0.7692,0.0217
Lorenzo Taliaferro 2016,1.6667,0.0393
Lorenzo Taliaferro 2017,1.5,0.0349
Louis Murphy 2014,0.9286,0.0294
Louis Murphy 2015,5.0909,0.1397
Louis Murphy 2016,3.0,0.0983
Louis Murphy 2017,,
Louis Murphy 2018,2.4286,0.072
Lucky Whitehead 2016,0.5333,0.0159
Lucky Whitehead 2017,0.2,0.0069
Luke Stocker 2014,0.0,0.0
Luke Stocker 2015,0.8462,0.0247
Luke Stocker 2016,0.9286,0.0273
Luke Stocker 2017,0.7273,0.0231
Luke Stocker 2018,0.5,0.01845
Luke Stocker 2019,1.3125,0.0516
Luke Willson 2014,1.75,0.066
Luke Willson 2015,2.6667,0.1007
Luke Willson 2016,1.8571,0.0662
Luke Willson 2017,1.9091,0.0595
Luke Willson 2018,1.375,0.0412
Luke Willson 2019,1.3571,0.0405
Mack Brown 2017,0.1111,0.0043
Mack Brown 2018,0.16665,0.00465
Mack Hollins 2018,1.375,0.0395
Malcolm Brown 2016,1.0,0.0286
Malcolm Brown 2017,0.1875,0.0056
Malcolm Brown 2018,1.0,0.0298
Malcolm Brown 2019,0.5833,0.0179
Malcolm Johnson 2016,0.5,0.0169
Malcolm Johnson 2017,1.0,0.0318
Malcolm Mitchell 2017,3.4286,0.0946
Malcom Floyd 2014,5.5,0.1592
Malcom Floyd 2015,5.75,0.1623
Malcom Floyd 2016,4.5,0.1094
Malik Turner 2019,0.75,0.0335
MarQueis Gray 2014,0.75,0.0193
MarQueis Gray 2015,1.025,0.032100000000000004
MarQueis Gray 2016,0.25,0.006
MarQueis Gray 2017,1.0625,0.0416
MarQueis Gray 2018,0.1875,0.006
Marc Mariani 2015,0.0,0.0
Marc Mariani 2016,2.0625,0.0681
Marc Mariani 2017,0.0,0.0
Marcedes Lewis 2014,4.2727,0.1244
Marcedes Lewis 2015,3.875,0.1124
Marcedes Lewis 2016,2.3125,0.0625
Marcedes Lewis 2017,3.0,0.0704
Marcedes Lewis 2018,3.0,0.0969
Marcedes Lewis 2019,0.25,0.0078
Marcel Jensen 2015,1.0,0.0323
Marcel Jensen 2016,0.0,0.0
Marcel Reece 2014,3.375,0.1058
Marcel Reece 2015,3.9333,0.1082
Marcel Reece 2016,2.4667,0.0728
Marcel Reece 2017,1.25,0.0375
Marcell Ateman 2019,4.4286,0.1378
Marcus Easley 2014,0.3125,0.009
Marcus Easley 2015,0.0,0.0
Marcus Easley 2016,0.2308,0.0065
Marcus Easley 2017,,
Marcus Johnson 2018,0.8,0.0266
Marcus Johnson 2019,1.6,0.0309
Marcus Kemp 2019,0.125,0.0039
Marcus Murphy 2016,0.0,0.0
Marcus Murphy 2017,0.3333,0.0076
Marcus Murphy 2018,2.0,0.0741
Marcus Murphy 2019,1.7273,0.0516
Marcus Thigpen 2014,0.6875,0.019
Marcus Thigpen 2015,0.125,0.00305
Marcus Thigpen 2016,0.0,0.0
Mario Alford 2016,1.0,0.0476
Mario Alford 2017,0.0,0.0
Mario Manningham 2014,3.8333,0.1515
Marion Grice 2015,1.1,0.0265
Mark Andrews 2019,3.125,0.0985
Mark Ingram II 2014,1.0,0.0233
Mark Ingram II 2015,2.7692,0.0702
Mark Ingram II 2016,5.0,0.1229
Mark Ingram II 2017,3.625,0.0854
Mark Ingram II 2018,4.4375,0.1309
Mark Ingram II 2019,2.25,0.0828
Mark Walton 2019,0.5714,0.0167
Markus Wheaton 2014,1.0833,0.0251
Markus Wheaton 2015,5.375,0.1436
Markus Wheaton 2016,4.9375,0.1305
Markus Wheaton 2017,3.0,0.0715
Markus Wheaton 2018,1.5455,0.0502
Markus Wheaton 2019,0.0,0.0
Marlon Brown 2014,5.8571,0.1453
Marlon Brown 2015,2.2143,0.0653
Marlon Brown 2016,3.0,0.0745
Marlon Mack 2018,2.3571,0.0813
Marlon Mack 2019,2.1667,0.0664
Marlon Moore 2014,1.02085,0.028749999999999998
Marlon Moore 2015,0.0,0.0
Marlon Moore 2016,0.7143,0.0205
Marqise Lee 2015,5.2308,0.1521
Marqise Lee 2016,3.2,0.0921
Marqise Lee 2017,6.5625,0.1765
Marqise Lee 2018,6.8571,0.2213
Marques Colston 2014,7.4,0.1839
Marques Colston 2015,6.1875,0.1543
Marques Colston 2016,5.1538,0.1252
Marquess Wilson 2014,0.3333,0.0114
Marquess Wilson 2015,4.5714,0.1242
Marquess Wilson 2016,4.6364,0.1359
Marquess Wilson 2017,5.3333,0.1324
Marquez North 2017,,
Marquez Valdes-Scantling 2019,4.5,0.1171
Marquez Williams 2018,1.0,0.0333
Marquis Bundy 2018,3.0,0.1071
Marquise Goodwin 2014,2.6667,0.0824
Marquise Goodwin 2015,0.9,0.0242
Marquise Goodwin 2016,1.0,0.0588
Marquise Goodwin 2017,4.5333,0.1638
Marquise Goodwin 2018,6.5625,0.1784
Marquise Goodwin 2019,3.9091,0.1335
Marshawn Lynch 2014,2.75,0.1074
Marshawn Lynch 2015,3.0,0.1127
Marshawn Lynch 2016,3.0,0.0942
Marshawn Lynch 2018,2.0667,0.0678
Marshawn Lynch 2019,3.3333,0.0897
Martavis Bryant 2015,4.8,0.1264
Martavis Bryant 2016,8.3636,0.2194
Martavis Bryant 2017,,
Martavis Bryant 2018,5.6,0.1541
Martavis Bryant 2019,3.375,0.0946
Martellus Bennett 2014,5.875,0.1606
Martellus Bennett 2015,8.0,0.2117
Martellus Bennett 2016,7.2727,0.212
Martellus Bennett 2017,4.5625,0.1373
Martellus Bennett 2018,4.2143,0.11605
Marvin Hall 2018,1.125,0.0379
Marvin Hall 2019,1.1875,0.0313
Marvin Jones Jr 2014,5.0,0.1381
Marvin Jones Jr 2016,6.4375,0.2119
Marvin Jones Jr 2017,6.8667,0.1904
Marvin Jones Jr 2018,6.6875,0.1908
Marvin Jones Jr 2019,6.8889,0.1894
Marvin McNutt 2014,1.0,0.037
Mason Schreck 2019,0.0,0.0
Matt Asiata 2014,0.7273,0.0251
Matt Asiata 2015,4.2,0.1357
Matt Asiata 2016,1.375,0.0507
Matt Asiata 2017,2.375,0.0646
Matt Breida 2018,2.25,0.0589
Matt Breida 2019,2.2143,0.071
Matt Forte 2014,5.9375,0.1648
Matt Forte 2015,8.125,0.2163
Matt Forte 2016,4.4615,0.1375
Matt Forte 2017,3.0769,0.0923
Matt Forte 2018,3.8333,0.1293
Matt Hazel 2016,0.2,0.0053
Matt Hazel 2018,0.3333,0.0159
Matt Jones 2016,1.9231,0.062
Matt Jones 2017,1.1429,0.0329
Matt Jones 2018,0.0,0.0
Matt LaCosse 2016,1.5,0.0441
Matt LaCosse 2019,3.0,0.0827
Matt Lengel 2017,1.5,0.0466
Matt Lengel 2018,0.0,0.0
Matt Lengel 2019,1.3333,0.0388
Matt Slater 2014,0.0,0.0
Matt Slater 2015,0.0,0.0
Matt Slater 2016,0.0625,0.0023
Matt Slater 2017,0.0769,0.0023
Matt Slater 2018,0.0,0.0
Matt Slater 2019,0.0,0.0
Matt Spaeth 2014,0.5,0.0186
Matt Spaeth 2015,0.2667,0.0071
Matt Spaeth 2016,0.2308,0.0063
Matthew Dayes 2018,0.3125,0.01
Matthew Dayes 2019,0.0,0.0
Matthew Mulligan 2014,0.2,0.0052
Matthew Mulligan 2015,0.0,0.0
Matthew Mulligan 2016,0.0833,0.0028
Matthew Mulligan 2017,0.1429,0.0032
Maurice Harris 2017,1.25,0.0361
Maurice Harris 2018,1.0,0.0269
Maurice Harris 2019,3.9167,0.1152
Maurice Jones-Drew 2014,4.0,0.1116
Maurice Jones-Drew 2015,1.3333,0.0328
Maxx Williams 2016,3.4286,0.078
Maxx Williams 2017,0.0,0.0
Maxx Williams 2018,1.6364,0.0476
Maxx Williams 2019,1.3077,0.0353
Melvin Gordon III 2016,2.6429,0.0695
Melvin Gordon III 2017,4.3846,0.124
Melvin Gordon III 2018,5.1875,0.1447
Melvin Gordon III 2019,5.5,0.1709
Michael Burton 2016,0.375,0.0107
Michael Burton 2017,0.0667,0.0019
Michael Burton 2018,0.25,0.0113
Michael Burton 2019,0.125,0.0037
Michael Bush 2014,0.5333,0.0145
Michael Clark 2018,7.0,0.1958
Michael Cox 2014,0.2143,0.0056
Michael Cox 2015,0.75,0.0174
Michael Crabtree 2014,6.6,0.2434
Michael Crabtree 2015,6.75,0.2173
Michael Crabtree 2016,9.2,0.2483
Michael Crabtree 2017,9.0625,0.2483
Michael Crabtree 2018,7.2143,0.2024
Michael Crabtree 2019,6.25,0.1796
Michael Egnew 2014,0.7333,0.0196
Michael Floyd 2014,7.0625,0.2049
Michael Floyd 2015,6.1875,0.1751
Michael Floyd 2016,5.9333,0.1755
Michael Floyd 2017,4.333349999999999,0.11599999999999999
Michael Floyd 2018,1.5455,0.0475
Michael Floyd 2019,1.8462,0.0695
Michael Ford 2014,0.0,0.0
Michael Gallup 2019,4.25,0.1321
Michael Hill 2014,0.5,0.0128
Michael Hoomanawanui 2014,1.4615,0.0381
Michael Hoomanawanui 2015,0.375,0.0122
Michael Hoomanawanui 2016,0.66665,0.016
Michael Hoomanawanui 2017,,
Michael Hoomanawanui 2018,0.7143,0.0219
Michael Palmer 2014,0.0625,0.0021
Michael Palmer 2015,0.1333,0.0045
Michael Preston 2014,1.0,0.0229
Michael Roberts 2018,0.4667,0.0122
Michael Roberts 2019,2.5,0.0791
Michael Robinson 2014,0.3333,0.014
Michael Thomas 2017,8.0667,0.1955
Michael Thomas 2018,9.3125,0.2853
Michael Thomas 2019,9.1875,0.2912
Michael Williams 2016,0.4,0.0093
Micheal Spurlock 2014,0.0,0.0
Micheal Spurlock 2015,3.0,0.0612
Mickey Shuler 2015,1.0,0.0306
Mickey Shuler 2016,0.0,0.0
Mike Boone 2019,0.375,0.0081
Mike Brown 2014,5.0909,0.1442
Mike Brown 2015,3.0,0.0866
Mike Campanaro 2015,2.25,0.0721
Mike Campanaro 2016,1.5,0.0412
Mike Campanaro 2017,0.3333,0.0115
Mike Campanaro 2018,2.0769,0.0533
Mike Davis 2016,2.1667,0.0644
Mike Davis 2017,0.625,0.0201
Mike Davis 2018,3.0,0.1164
Mike Davis 2019,2.8,0.1094
Mike Evans 2015,8.2,0.258
Mike Evans 2016,9.8667,0.2978
Mike Evans 2017,10.75,0.3096
Mike Evans 2018,9.0667,0.2434
Mike Evans 2019,8.625,0.2277
Mike Gesicki 2019,2.0,0.0715
Mike Gillislee 2014,0.0,0.0
Mike Gillislee 2016,1.4,0.0593
Mike Gillislee 2017,0.7333,0.0224
Mike Gillislee 2018,0.1111,0.004
Mike Gillislee 2019,0.25,0.0078
Mike Goodson 2014,1.5,0.0647
Mike James 2014,1.2222,0.0319
Mike James 2015,0.0909,0.0026
Mike James 2017,1.0,0.0234
Mike McNeill 2014,0.0714,0.0013
Mike Thomas 2017,0.6429,0.0188
Mike Thomas 2018,1.0,0.0302
Mike Thomas 2019,0.0,0.0
Mike Tolbert 2014,2.0625,0.0695
Mike Tolbert 2015,2.125,0.063
Mike Tolbert 2016,1.4375,0.0464
Mike Tolbert 2017,0.9375,0.0279
Mike Tolbert 2018,1.4167,0.0454
Mike Wallace 2014,8.8125,0.2434
Mike Wallace 2015,7.1875,0.1997
Mike Wallace 2016,4.5,0.1609
Mike Wallace 2017,7.25,0.1763
Mike Wallace 2018,6.1333,0.1653
Mike Wallace 2019,1.5,0.0441
Mike Williams 2014,6.6667,0.1907
Mike Williams 2015,1.9,0.0567
Mike Williams 2018,2.3,0.0675
Mike Williams 2019,4.125,0.1339
Mike Windt 2016,0.0,0.0
Mike Windt 2017,0.0,0.0
Mike Windt 2018,0.0,0.0
Mike Windt 2019,0.0,0.0
Mikel Leshoure 2014,0.0,0.0
Miles Austin 2014,4.4545,0.1247
Miles Austin 2015,6.0,0.1805
Miles Austin 2016,2.8182,0.0758
Mo Alie-Cox 2019,1.5556,0.0462
Mohamed Sanu 2014,4.8125,0.1298
Mohamed Sanu 2015,6.1875,0.2015
Mohamed Sanu 2016,3.0625,0.1008
Mohamed Sanu 2017,5.4,0.1619
Mohamed Sanu 2018,6.4,0.2029
Mohamed Sanu 2019,5.875,0.1585
Montee Ball 2014,1.6875,0.0404
Montee Ball 2015,2.6,0.0669
Montell Owens 2014,0.0,0.0
Montell Owens 2015,0.0,0.0
MyCole Pruitt 2016,1.0,0.037
MyCole Pruitt 2017,0.5,0.0201
MyCole Pruitt 2018,0.0,0.0
MyCole Pruitt 2019,0.7333,0.03
Mychal Rivera 2014,3.75,0.1177
Mychal Rivera 2015,6.25,0.1609
Mychal Rivera 2016,2.875,0.0759
Mychal Rivera 2017,1.9231,0.0523
Myles White 2016,1.6667,0.041
Nate Burleson 2014,6.1111,0.1669
Nate Byham 2014,0.75,0.026
Nate Washington 2014,6.5625,0.2077
Nate Washington 2015,4.5,0.1406
Nate Washington 2016,6.7143,0.1794
Neal Sterling 2016,0.0,0.0
Neal Sterling 2017,1.6,0.0482
Neal Sterling 2018,1.0,0.0303
Neal Sterling 2019,1.6,0.0599
Nelson Agholor 2016,3.3846,0.0934
Nelson Agholor 2017,4.6,0.1328
Nelson Agholor 2018,5.9375,0.1688
Nelson Agholor 2019,6.0625,0.1585
Nelson Spruce 2017,,
Nic Jacobs 2015,0.2308,0.0065
Nic Jacobs 2016,0.2727,0.0077
Nick Boyle 2016,2.0909,0.0546
Nick Boyle 2017,1.0,0.0204
Nick Boyle 2018,2.4667,0.0755
Nick Boyle 2019,2.3125,0.0707
Nick Chubb 2019,1.8125,0.0618
Nick DeLuca 2019,0.0,0.0
Nick Kasa 2014,0.3125,0.0081
Nick O'Leary 2016,0.75,0.0321
Nick O'Leary 2017,0.9333,0.0335
Nick O'Leary 2018,2.1333,0.0696
Nick O'Leary 2019,1.0,0.0313
Nick Toon 2014,1.5,0.0368
Nick Toon 2015,3.2857,0.0818
Nick Toon 2016,0.0,0.0
Nick Vannett 2017,0.5,0.0142
Nick Vannett 2018,1.0,0.0319
Nick Vannett 2019,2.8667,0.1131
Nick Williams 2016,1.8462,0.0486
Nick Williams 2017,3.5,0.1112
Nick Williams 2018,4.0,0.0952
Nick Williams 2019,1.0,0.0389
Nikita Whitlock 2016,0.0,0.0
Nikita Whitlock 2017,,
Niles Paul 2014,0.5333,0.0156
Niles Paul 2015,3.25,0.093
Niles Paul 2017,0.25,0.006
Niles Paul 2018,1.4286,0.0456
Niles Paul 2019,2.1667,0.0422
Noah Brown 2018,0.6923,0.0256
Noah Brown 2019,1.0,0.0323
Nyheim Hines 2019,5.0625,0.123
O.J. Howard 2018,2.7857,0.0749
O.J. Howard 2019,4.8,0.1146
Odell Beckham Jr 2015,10.8333,0.2758
Odell Beckham Jr 2016,10.5333,0.2742
Odell Beckham Jr 2017,10.5625,0.2863
Odell Beckham Jr 2018,10.25,0.2403
Odell Beckham Jr 2019,10.3333,0.2886
Orleans Darkwa 2015,0.7142999999999999,0.01635
Orleans Darkwa 2016,0.3125,0.0101
Orleans Darkwa 2017,0.4444,0.0106
Orleans Darkwa 2018,1.8667,0.0515
Orson Charles 2014,0.1538,0.0043
Orson Charles 2017,0.0,0.0
Orson Charles 2018,0.4,0.0118
Orson Charles 2019,0.3846,0.0129
Owen Daniels 2014,8.2,0.1956
Owen Daniels 2015,5.2,0.1608
Owen Daniels 2016,4.8125,0.1301
Patrick DiMarco 2014,0.9,0.0217
Patrick DiMarco 2015,0.875,0.0261
Patrick DiMarco 2016,1.0625,0.0258
Patrick DiMarco 2017,0.625,0.0186
Patrick DiMarco 2018,0.625,0.0218
Patrick DiMarco 2019,0.25,0.0074
Patrick Edwards 2014,2.75,0.0666
Paul Lasike 2017,0.1111,0.0038
Paul McRoberts 2017,0.5,0.0178
Paul Perkins 2017,1.7143,0.0468
Paul Perkins 2018,0.9091,0.0237
Paul Richardson Jr 2015,2.9333,0.107
Paul Richardson Jr 2016,1.0,0.037
Paul Richardson Jr 2017,2.4,0.069
Paul Richardson Jr 2018,5.0,0.1562
Paul Richardson Jr 2019,5.0,0.1452
Paul Turner 2017,4.6667,0.0907
Percy Harvin 2014,1.0,0.05
Percy Harvin 2015,5.85,0.21605
Percy Harvin 2016,6.0,0.2263
Percy Harvin 2017,4.0,0.1481
Peyton Barber 2017,0.4,0.0094
Peyton Barber 2018,1.1875,0.0353
Peyton Barber 2019,1.8125,0.0474
Peyton Hillis 2014,3.0,0.0922
Peyton Hillis 2015,1.7778,0.0488
Pharoh Cooper 2017,2.0,0.062
Pharoh Cooper 2018,1.1875,0.0351
Pharoh Cooper 2019,0.1,0.0031
Phillip Dorsett 2016,3.5455,0.0966
Phillip Dorsett 2017,3.9333,0.1074
Phillip Dorsett 2018,1.2,0.0325
Phillip Dorsett 2019,2.625,0.0773
Phillip Lindsay 2019,3.1333,0.0863
Phillip Supernaw 2015,0.75,0.030699999999999998
Phillip Supernaw 2016,0.25,0.0072
Phillip Supernaw 2017,0.3571,0.0134
Phillip Supernaw 2018,0.375,0.0131
Phillip Tanner 2014,0.25,0.0061
Phillip Tanner 2015,0.0,0.0
Pierre Garcon 2014,11.375,0.3144
Pierre Garcon 2015,6.5625,0.1904
Pierre Garcon 2016,6.9375,0.1967
Pierre Garcon 2017,7.125,0.2041
Pierre Garcon 2018,8.375,0.2144
Pierre Garcon 2019,5.625,0.1778
Pierre Thomas 2014,5.25,0.1285
Pierre Thomas 2015,5.0,0.1193
Pierre Thomas 2016,1.375,0.0354
Preston Parker 2015,3.5,0.0926
Preston Parker 2016,6.0,0.1659
Quan Bray 2017,0.6667,0.0175
Quan Bray 2018,0.4444,0.0159
Quincy Adeboyejo 2018,0.0,0.0
Quincy Enunwa 2015,0.0,0.0
Quincy Enunwa 2016,3.8333,0.0962
Quincy Enunwa 2017,6.6667,0.1958
Quincy Enunwa 2019,6.2727,0.2118
Quinn Johnson 2014,0.25,0.0046
Quinton Patton 2014,0.8333,0.0295
Quinton Patton 2015,2.0,0.0797
Quinton Patton 2016,3.5625,0.1138
Quinton Patton 2017,4.5,0.1475
Raheem Mostert 2016,0.0,0.0
Raheem Mostert 2017,0.0,0.0
Raheem Mostert 2018,0.0,0.0
Raheem Mostert 2019,0.7778,0.0263
Rajion Neal 2017,,
Randall Cobb 2014,7.8333,0.2152
Randall Cobb 2015,7.9375,0.2388
Randall Cobb 2016,8.0625,0.2359
Randall Cobb 2017,6.4615,0.1607
Randall Cobb 2018,6.1333,0.1706
Randall Cobb 2019,6.7778,0.178
Randall Telfer 2017,0.4615,0.0123
Randall Telfer 2018,0.25,0.0074
Rannell Hall 2016,0.0,0.0
Rannell Hall 2017,,
Rashaad Penny 2019,0.8571,0.0272
Rashad Greene Sr 2016,3.8889,0.1072
Rashad Greene Sr 2017,1.0,0.0237
Rashad Greene Sr 2019,1.0,0.0295
Rashad Jennings 2014,3.1333,0.093
Rashad Jennings 2015,3.7273,0.0969
Rashad Jennings 2016,2.5,0.0635
Rashad Jennings 2017,3.2308,0.084
Rashad Ross 2016,1.0,0.0272
Rashad Ross 2017,0.2,0.0051
Rashard Higgins 2017,0.8,0.0217
Rashard Higgins 2018,3.3333,0.0896
Rashard Higgins 2019,4.1538,0.1198
Rashard Mendenhall 2014,1.4,0.0398
Rashawn Scott 2017,0.0,0.0
Rashawn Scott 2018,0.0,0.0
Ray Agnew 2015,0.75,0.0216
Ray Graham 2014,3.0,0.0882
Ray Rice 2014,4.8667,0.1242
Ray-Ray McCloud III 2019,0.6,0.0222
Reggie Bush 2014,5.7143,0.1443
Reggie Bush 2015,5.0909,0.1467
Reggie Bush 2016,2.0,0.0782
Reggie Bush 2017,0.7692,0.0258
Reggie Wayne 2014,8.4286,0.2691
Reggie Wayne 2015,7.7333,0.1935
Rex Burkhead 2014,0.0,0.0
Rex Burkhead 2015,1.1111,0.0379
Rex Burkhead 2016,0.9375,0.035
Rex Burkhead 2017,1.25,0.0415
Rex Burkhead 2018,3.6,0.0968
Rex Burkhead 2019,2.5,0.0833
Rhett Ellison 2014,0.9091,0.031
Rhett Ellison 2015,1.625,0.0499
Rhett Ellison 2016,1.2667,0.0474
Rhett Ellison 2017,0.9333,0.0268
Rhett Ellison 2018,2.0,0.0548
Rhett Ellison 2019,2.5,0.0706
Ricardo Lockette 2014,0.875,0.0357
Ricardo Lockette 2015,0.9375,0.037
Ricardo Lockette 2016,0.875,0.0318
Ricardo Louis 2017,2.25,0.0564
Ricardo Louis 2018,3.8125,0.1046
Richard Gordon 2014,,
Richard Gordon 2015,0.25,0.00925
Richard Gordon 2016,0.0,0.0
Richard Rodgers 2015,1.875,0.0599
Richard Rodgers 2016,5.3125,0.153
Richard Rodgers 2017,2.9375,0.076
Richard Rodgers 2018,1.2667,0.0374
Richard Rodgers 2019,0.1667,0.0034
Richie Brockel 2014,0.0625,0.002
Richie Brockel 2015,0.0,0.0
Richie Brockel 2016,0.0,0.0
Richie James 2019,1.0769,0.0349
Ricky Ortiz 2019,0.3333,0.0097
Ricky Seals-Jones 2018,3.8571,0.1129
Ricky Seals-Jones 2019,4.6667,0.1583
Rico Gathers 2019,0.4667,0.0163
Riley Cooper 2014,5.1875,0.1811
Riley Cooper 2015,5.875,0.1572
Riley Cooper 2016,2.5625,0.0672
Riley McCarron 2019,1.0,0.0256
Rishard Matthews 2014,4.1875,0.1116
Rishard Matthews 2015,1.5714,0.0401
Rishard Matthews 2016,5.5455,0.1524
Rishard Matthews 2017,6.75,0.2225
Rishard Matthews 2018,6.2143,0.2041
Rishard Matthews 2019,1.3,0.05925
River Cracraft 2019,0.6667,0.0142
Rob Gronkowski 2014,9.4286,0.241
Rob Gronkowski 2015,8.7333,0.2323
Rob Gronkowski 2016,8.0,0.2112
Rob Gronkowski 2017,4.75,0.1435
Rob Gronkowski 2018,7.5,0.2168
Rob Gronkowski 2019,5.5385,0.1602
Rob Housler 2014,4.3846,0.1219
Rob Housler 2015,1.1333,0.0313
Rob Housler 2016,0.70835,0.022
Rob Kelley 2017,1.2,0.0348
Rob Kelley 2018,1.0,0.0267
Rob Kelley 2019,0.0,0.0
Robby Anderson 2017,4.8,0.1433
Robby Anderson 2018,7.125,0.2347
Robby Anderson 2019,6.6429,0.2089
Robert Davis 2018,0.0,0.0
Robert Foster 2019,3.4615,0.125
Robert Herron 2015,1.5,0.052
Robert Hughes 2014,2.0,0.069
Robert Hughes 2015,0.75,0.0211
Robert Meachem 2014,2.0,0.0498
Robert Meachem 2015,1.9091,0.0458
Robert Tonyan Jr 2019,0.375,0.0102
Robert Turbin 2014,0.75,0.0306
Robert Turbin 2015,1.25,0.0456
Robert Turbin 2016,1.0,0.0295
Robert Turbin 2017,2.3333,0.0634
Robert Turbin 2018,1.8333,0.0597
Robert Turbin 2019,1.0,0.0204
Robert Woods 2014,6.0714,0.1907
Robert Woods 2015,6.5,0.189
Robert Woods 2016,5.7143,0.1834
Robert Woods 2017,5.8462,0.1986
Robert Woods 2018,7.0833,0.2303
Robert Woods 2019,8.1875,0.2434
Roc Thomas 2019,0.8,0.0199
Rod Smith 2016,0.1667,0.0044
Rod Smith 2017,0.1429,0.006
Rod Smith 2018,1.5333,0.0541
Rod Smith 2019,0.75,0.0212
Rod Streater 2014,6.1875,0.2006
Rod Streater 2015,4.3333,0.1319
Rod Streater 2016,1.0,0.0233
Rod Streater 2017,1.6875,0.0521
Rod Streater 2019,0.0,0.0
Roddy White 2014,6.9286,0.1647
Roddy White 2015,8.8571,0.2233
Roddy White 2016,4.375,0.1197
Roger Lewis 2017,1.4615,0.04
Roger Lewis 2018,4.8,0.1265
Ronald Jones II 2019,1.0,0.0274
Ronnie Brown 2014,0.5,0.0137
Ronnie Brown 2015,0.75,0.02015
Ronnie Hillman 2014,1.5556,0.0385
Ronnie Hillman 2015,4.25,0.1049
Ronnie Hillman 2016,2.1875,0.0551
Ronnie Hillman 2017,2.03335,0.05325
Roosevelt Nix 2019,0.375,0.0098
Ross Dwelley 2019,0.25,0.0095
Ross Travis 2017,1.0,0.0267
Ross Travis 2018,1.17045,0.04135
Roy Helu 2014,2.625,0.0731
Roy Helu 2015,3.3571,0.1007
Roy Helu 2016,1.7778,0.0494
Royce Freeman 2019,1.4286,0.0327
Rueben Randle 2014,4.875,0.1376
Rueben Randle 2015,7.9375,0.2144
Rueben Randle 2016,5.625,0.1524
Russell Gage 2019,0.6667,0.0198
Russell Shepard 2014,0.0,0.0
Russell Shepard 2015,0.5,0.018
Russell Shepard 2016,0.6923,0.0189
Russell Shepard 2017,2.8571,0.0881
Russell Shepard 2018,2.2,0.0681
Russell Shepard 2019,1.5833,0.0443
Ryan Broyles 2014,2.3333,0.0539
Ryan Broyles 2015,1.0,0.0277
Ryan Grant 2015,0.9375,0.0253
Ryan Grant 2016,2.625,0.0743
Ryan Grant 2017,1.1875,0.0344
Ryan Grant 2018,4.0625,0.1193
Ryan Grant 2019,3.7143,0.0839
Ryan Griffin 2014,1.8667,0.0506
Ryan Griffin 2015,1.0,0.0351
Ryan Griffin 2016,3.7778,0.1188
Ryan Griffin 2017,4.625,0.1255
Ryan Griffin 2018,3.7143,0.1196
Ryan Griffin 2019,3.0714,0.0944
Ryan Hewitt 2015,1.0714,0.0359
Ryan Hewitt 2016,0.8,0.0288
Ryan Hewitt 2017,0.1875,0.0042
Ryan Hewitt 2018,0.1538,0.0047
Ryan Hewitt 2019,0.1667,0.0051
Ryan Malleck 2018,0.5,0.0312
Ryan Mathews 2014,2.0625,0.0646
Ryan Mathews 2015,1.6667,0.0459
Ryan Mathews 2016,2.1538,0.0524
Ryan Mathews 2017,1.0769,0.0316
Ryan Spadola 2017,,
Ryan Switzer 2018,0.4375,0.0156
Ryan Switzer 2019,2.75,0.0627
Ryan Taylor 2014,0.6429,0.0193
Ryan Taylor 2015,0.0,0.0
Ryan Whalen 2014,0.0,0.0
Saalim Hakim 2015,0.0,0.0
Saalim Hakim 2016,0.0,0.0
Samaje Perine 2018,1.5,0.0478
Samaje Perine 2019,0.8,0.0192
Sammie Coates Jr 2016,0.2857,0.011
Sammie Coates Jr 2017,3.5,0.0974
Sammie Coates Jr 2018,0.9167,0.024
Sammie Coates Jr 2019,0.1667,0.0047
Sammy Watkins 2015,8.0,0.2319
Sammy Watkins 2016,7.3846,0.2883
Sammy Watkins 2017,6.5,0.2262
Sammy Watkins 2018,4.6667,0.1512
Sammy Watkins 2019,5.5,0.1684
Santana Moss 2014,4.9375,0.1291
Santana Moss 2015,1.6667,0.0443
Santonio Holmes 2014,5.3636,0.1821
Santonio Holmes 2015,1.5556,0.0387
Saquon Barkley 2019,7.5625,0.2052
Scott Chandler 2014,5.0625,0.1549
Scott Chandler 2015,4.4375,0.1148
Scott Chandler 2016,2.8,0.0651
Scott Simonson 2016,0.25,0.0096
Scott Simonson 2017,0.0,0.0
Scott Simonson 2019,0.875,0.0237
Sean Culkin 2019,0.0769,0.0025
Sean McGrath 2014,2.5,0.074
Sean McGrath 2017,0.1333,0.0034
Sean McGrath 2018,0.2667,0.007
Seantavius Jones 2016,0.3333,0.0104
Senorise Perry 2015,0.0625,0.0013
Senorise Perry 2018,0.0625,0.0015
Senorise Perry 2019,0.0,0.0
Seth DeValve 2017,1.1818,0.0327
Seth DeValve 2018,3.625,0.102
Seth DeValve 2019,0.5385,0.0142
Seth Roberts 2016,3.2667,0.0889
Seth Roberts 2017,4.8125,0.1297
Seth Roberts 2018,4.3333,0.1298
Seth Roberts 2019,4.3333,0.1377
Seyi Ajirotutu 2014,0.2857,0.0084
Seyi Ajirotutu 2015,0.75,0.0189
Seyi Ajirotutu 2016,0.2308,0.0078
Shane Smith 2018,0.0,0.0
Shane Smith 2019,0.0,0.0
Shane Vereen 2014,8.625,0.1997
Shane Vereen 2015,4.875,0.1258
Shane Vereen 2016,5.0625,0.1285
Shane Vereen 2017,3.8,0.1195
Shane Vereen 2018,3.3125,0.0877
Shaun Draughn 2014,0.0,0.0
Shaun Draughn 2015,0.0,0.0
Shaun Draughn 2016,2.96665,0.09090000000000001
Shaun Draughn 2017,2.4375,0.0829
Shaun Wilson 2019,1.0,0.0226
Shelton Gibson 2018,0.6,0.0182
Shelton Gibson 2019,0.2,0.0049
Shonn Greene 2014,0.6364,0.0189
Shonn Greene 2015,0.2308,0.0071
Sidney Rice 2014,4.375,0.1763
Silas Redd 2015,0.7143,0.0209
Silas Redd 2017,,
Skye Dawson 2014,1.0,0.0387
Solomon Patton 2015,0.0,0.0
Sony Michel 2019,0.8462,0.0273
Spencer Larsen 2014,0.0,0.0
Spencer Ware 2014,0.0,0.0
Spencer Ware 2016,0.5,0.0202
Spencer Ware 2017,3.0,0.089
Spencer Ware 2019,1.7692,0.0493
Stacy Coley 2018,0.25,0.007
Stacy Coley 2019,0.25,0.0052
Stanley Havili 2014,1.6154,0.0431
Stedman Bailey 2014,1.5625,0.0604
Stedman Bailey 2015,3.2857,0.108
Stedman Bailey 2016,3.125,0.1156
Stedman Bailey 2017,,
Stefon Diggs 2016,6.4615,0.2176
Stefon Diggs 2017,8.6154,0.2378
Stefon Diggs 2018,6.7857,0.2128
Stefon Diggs 2019,9.8667,0.2614
Stepfan Taylor 2014,0.5625,0.0156
Stepfan Taylor 2015,1.0714,0.029
Stepfan Taylor 2016,0.1875,0.0069
Stepfan Taylor 2017,0.0,0.0
Stephen Anderson 2017,1.2308,0.0344
Stephen Anderson 2018,3.4667,0.0983
Stephen Burton 2014,3.25,0.0942
Stephen Hill 2014,4.9167,0.1566
Stephen Williams 2014,0.75,0.0211
Sterling Shepard 2017,6.5625,0.1729
Sterling Shepard 2018,7.6364,0.1827
Sterling Shepard 2019,6.6875,0.1855
Stevan Ridley 2014,0.8571,0.0242
Stevan Ridley 2015,0.8333,0.0205
Stevan Ridley 2016,0.5556,0.0148
Stevan Ridley 2017,0.0,0.0
Stevan Ridley 2018,0.0,0.0
Stevan Ridley 2019,0.3636,0.0104
Steve Johnson 2014,8.4167,0.2494
Steve Johnson 2015,3.8462,0.1162
Steve Johnson 2016,6.5,0.171
Steve Johnson 2017,,
Steve Maneri 2014,0.5,0.0149
Steve Maneri 2015,1.0,0.0312
Steve Smith 2014,7.3333,0.249
Steve Smith 2015,8.375,0.2487
Steve Smith 2016,10.4286,0.2504
Steve Smith 2017,7.2143,0.1826
Steven Jackson 2014,4.0833,0.1064
Steven Jackson 2015,1.8,0.0447
Steven Jackson 2016,0.5,0.0208
Storm Johnson 2015,0.1667,0.0037
T.J. Graham 2014,3.625,0.1137
T.J. Graham 2015,,
T.J. Graham 2016,1.0,0.0296
T.J. Jones 2016,1.8,0.0443
T.J. Jones 2017,4.6667,0.1095
T.J. Jones 2018,3.5,0.0935
T.J. Jones 2019,1.7333,0.0499
T.J. Logan 2019,0.7,0.0227
T.J. Yeldon 2016,3.8333,0.1052
T.J. Yeldon 2017,4.5333,0.1219
T.J. Yeldon 2018,4.1,0.1104
T.J. Yeldon 2019,5.5714,0.1745
T.Y. Hilton 2014,8.6875,0.2429
T.Y. Hilton 2015,8.7333,0.2146
T.Y. Hilton 2016,8.375,0.22
T.Y. Hilton 2017,9.6875,0.274
T.Y. Hilton 2018,6.8125,0.2365
T.Y. Hilton 2019,8.5714,0.2338
Taiwan Jones 2014,0.5,0.0132
Taiwan Jones 2015,0.0,0.0
Taiwan Jones 2016,0.75,0.0271
Taiwan Jones 2017,0.3077,0.0084
Taiwan Jones 2018,0.25,0.0078
Taiwan Jones 2019,0.3333,0.0138
Tajae Sharpe 2017,5.1875,0.1594
Tajae Sharpe 2019,2.9375,0.1077
Tandon Doss 2014,2.4,0.0647
Tanner Gentry 2018,1.5,0.0758
Tanner McEvoy 2017,1.4,0.0373
Tanner McEvoy 2018,0.6667,0.0199
Tanner McEvoy 2019,0.0,0.0
Taquan Mizzell 2019,1.1111,0.0373
Tarik Cohen 2018,4.4375,0.1657
Tarik Cohen 2019,5.5625,0.1718
Tashard Choice 2014,0.5,0.013999999999999999
Tauren Poole 2015,0.0,0.0
Tavarres King 2015,1.5,0.0714
Tavarres King 2017,0.5714,0.0161
Tavarres King 2018,4.625,0.1428
Tavon Austin 2014,5.3077,0.1538
Tavon Austin 2015,3.0,0.1039
Tavon Austin 2016,5.4375,0.2071
Tavon Austin 2017,7.0667,0.215
Tavon Austin 2018,1.4375,0.0401
Tavon Austin 2019,1.8571,0.0606
Taylor Gabriel 2015,4.625,0.1487
Taylor Gabriel 2016,3.6923,0.1002
Taylor Gabriel 2017,3.8462,0.1255
Taylor Gabriel 2018,3.1875,0.0973
Taylor Gabriel 2019,5.8125,0.1901
Taylor Thompson 2014,0.4375,0.0124
Taylor Thompson 2015,1.3333,0.0407
Taywan Taylor 2018,1.75,0.0577
Taywan Taylor 2019,4.3077,0.1684
Ted Ginn Jr 2014,4.25,0.1405
Ted Ginn Jr 2015,1.625,0.0446
Ted Ginn Jr 2016,6.4667,0.2003
Ted Ginn Jr 2017,5.9375,0.1747
Ted Ginn Jr 2018,4.6667,0.1424
Ted Ginn Jr 2019,6.0,0.1515
Temarrick Hemingway 2017,0.0,0.0
Temarrick Hemingway 2019,0.0,0.0
Terrance West 2015,0.9286,0.0299
Terrance West 2016,0.41665,0.0089
Terrance West 2017,2.8125,0.0701
Terrance West 2018,0.8,0.0313
Terrance Williams 2014,4.625,0.133
Terrance Williams 2015,4.0625,0.1338
Terrance Williams 2016,5.8125,0.1797
Terrance Williams 2017,3.8125,0.1323
Terrance Williams 2018,4.875,0.166
Terrance Williams 2019,1.0,0.0375
Terrell Watson 2017,1.0,0.0233
Terrell Watson 2018,0.0,0.0
Terrelle Pryor 2014,0.0,0.0
Terrelle Pryor 2016,2.6667,0.065
Terrelle Pryor 2017,8.8125,0.2492
Terrelle Pryor 2018,4.1111,0.1255
Terrelle Pryor 2019,3.8333500000000003,0.11665
Terrence Magee 2016,0.3333,0.0079
Terrence Magee 2017,0.0,0.0
Terrence Magee 2018,0.0,0.0
Terron Ward 2016,1.0,0.0254
Terron Ward 2017,0.4,0.0122
Terron Ward 2018,0.2143,0.0071
Tevin Coleman 2016,0.9167,0.0238
Tevin Coleman 2017,3.0769,0.0957
Tevin Coleman 2018,2.6,0.0793
Tevin Coleman 2019,2.75,0.0748
Theo Riddick 2014,0.5714,0.0148
Theo Riddick 2015,3.5714,0.091
Theo Riddick 2016,6.1875,0.154
Theo Riddick 2017,6.7,0.1882
Theo Riddick 2018,4.4375,0.1233
Theo Riddick 2019,5.3571,0.1483
Thomas Rawls 2016,0.8462,0.0319
Thomas Rawls 2017,1.8889,0.0562
Thomas Rawls 2018,1.0833,0.0321
Thomas Rawls 2019,0.0,0.0
Tim Hightower 2016,1.625,0.0391
Tim Hightower 2017,1.625,0.0408
Tim Patrick 2019,2.5625,0.0641
Tim White 2019,0.5,0.0125
Timothy Wright 2014,4.75,0.1566
Timothy Wright 2015,2.0625,0.0539
Timothy Wright 2016,1.7778,0.0423
Timothy Wright 2017,,
Tion Green 2018,0.4,0.0138
Tiquan Underwood 2014,3.8333,0.1412
Tobais Palmer 2014,,
Toby Gerhart 2014,1.3571,0.042
Toby Gerhart 2015,1.7143,0.0528
Toby Gerhart 2016,0.7143,0.0152
Todd Gurley 2016,2.0,0.0807
Todd Gurley 2017,3.625,0.1087
Todd Gurley 2018,5.8,0.1791
Todd Gurley 2019,5.7857,0.1639
Tom Crabtree 2014,1.0,0.0284
Tommy Bohanon 2014,1.0,0.0347
Tommy Bohanon 2015,0.5,0.0167
Tommy Bohanon 2016,0.5,0.0134
Tommy Bohanon 2018,0.6875,0.0216
Tommy Bohanon 2019,0.5625,0.0178
Tommy Streeter 2015,0.0,0.0
Tommylee Lewis 2017,0.9167,0.0204
Tommylee Lewis 2018,1.0,0.0283
Tommylee Lewis 2019,0.4286,0.0183
Tony Fiammetta 2014,0.375,0.0091
Tony Fiammetta 2015,0.0,0.0
Tony Gonzalez 2014,7.5,0.184
Tony Moeaki 2014,0.0,0.0
Tony Moeaki 2015,2.1667,0.0898
Tony Moeaki 2016,0.5,0.0138
Tony Scheffler 2014,2.4,0.0607
Tony Washington 2016,0.0,0.0
Tony Washington 2017,0.5,0.0128
Tori Gurley 2014,1.0,0.0216
Torrey Smith 2014,8.5625,0.2344
Torrey Smith 2015,5.75,0.1724
Torrey Smith 2016,3.875,0.1176
Torrey Smith 2017,4.0833,0.1324
Torrey Smith 2018,4.25,0.116
Torrey Smith 2019,2.8182,0.0829
Tra Carson 2019,0.0,0.0
Travaris Cadet 2014,0.1538,0.0045
Travaris Cadet 2015,3.4,0.0848
Travaris Cadet 2016,3.0,0.07606666666666666
Travaris Cadet 2017,3.6,0.0843
Travaris Cadet 2018,1.83335,0.050499999999999996
Travaris Cadet 2019,1.0,0.0333
Travis Benjamin 2014,1.625,0.0361
Travis Benjamin 2015,2.875,0.0936
Travis Benjamin 2016,7.8125,0.2055
Travis Benjamin 2017,5.3571,0.1577
Travis Benjamin 2018,4.0625,0.1141
Travis Benjamin 2019,2.0,0.0554
Travis Kelce 2015,5.4375,0.187
Travis Kelce 2016,6.4375,0.225
Travis Kelce 2017,7.3125,0.218
Travis Kelce 2018,8.1333,0.2451
Travis Kelce 2019,9.375,0.2688
Travis Rudolph 2018,3.0,0.0936
Tre Madden 2018,0.25,0.0068
Tre Madden 2019,0.2143,0.0083
Tre Mason 2015,2.1667,0.078
Tre Mason 2016,1.6154,0.0509
Tre Mason 2017,,
Tre McBride 2016,0.5714,0.0141
Tre McBride 2017,0.0,0.0
Tre McBride 2018,1.875,0.0597
Tre'Quan Smith 2019,2.9333,0.1025
Trent Richardson 2014,4.2143,0.1019
Trent Richardson 2015,2.2667,0.0549
Trent Sherfield 2019,2.1538,0.0706
Trent Taylor 2018,4.0,0.1052
Trent Taylor 2019,2.8571,0.0843
Trenton Cannon 2019,1.5625,0.049
Trevor Davis 2017,0.6364,0.0175
Trevor Davis 2018,0.4375,0.0121
Trevor Davis 2019,0.0,0.0
Trey Burton 2015,0.0,0.0
Trey Burton 2016,0.25,0.0078
Trey Burton 2017,4.0,0.1008
Trey Burton 2018,2.0667,0.0568
Trey Burton 2019,4.8125,0.1541
Trey Edmunds 2018,0.0,0.0
Trey Edmunds 2019,0.0,0.0
Trey Millard 2017,,
Trey Quinn 2019,3.3333,0.0897
Trey Watts 2015,0.3077,0.0101
Trey Watts 2016,0.0,0.0
Trey Williams 2016,0.0,0.0
Trindon Holliday 2014,0.0,0.0
Trindon Holliday 2015,0.0,0.0
Troy Niklas 2015,0.5714,0.0175
Troy Niklas 2016,0.25,0.0068
Troy Niklas 2017,0.6667,0.0165
Troy Niklas 2018,1.5333,0.0447
Troymaine Pope 2017,0.33335,0.00865
Ty Montgomery 2016,3.1667,0.1015
Ty Montgomery 2017,3.7333,0.0925
Ty Montgomery 2018,3.875,0.0993
Ty Montgomery 2019,3.0595,0.09809999999999999
Tyler Boyd 2017,5.0625,0.1482
Tyler Boyd 2018,3.2,0.0938
Tyler Boyd 2019,7.7143,0.2234
Tyler Clutts 2014,0.25,0.0085
Tyler Clutts 2015,0.0625,0.002
Tyler Clutts 2016,0.0625,0.0024
Tyler Conklin 2019,0.4375,0.0163
Tyler Eifert 2014,4.0,0.1113
Tyler Eifert 2015,3.0,0.0789
Tyler Eifert 2016,5.6923,0.1782
Tyler Eifert 2017,5.875,0.1677
Tyler Eifert 2018,2.5,0.0818
Tyler Eifert 2019,4.75,0.12
Tyler Ervin 2017,0.4167,0.0111
Tyler Ervin 2018,2.75,0.0944
Tyler Ervin 2019,0.4444,0.0162
Tyler Higbee 2017,1.8125,0.0514
Tyler Higbee 2018,2.8125,0.0846
Tyler Higbee 2019,2.0625,0.0577
Tyler Kroft 2016,0.9375,0.0324
Tyler Kroft 2017,0.8571,0.0224
Tyler Kroft 2018,3.875,0.1273
Tyler Kroft 2019,1.2,0.0329
Tyler Lockett 2016,4.3125,0.1494
Tyler Lockett 2017,4.4,0.1319
Tyler Lockett 2018,4.4375,0.133
Tyler Lockett 2019,4.4375,0.1846
Tyler Varga 2016,0.6667,0.0179
Tyreek Hill 2017,5.1875,0.1564
Tyreek Hill 2018,7.0,0.2188
Tyreek Hill 2019,8.5625,0.2418
Tyrell Williams 2016,1.0,0.0286
Tyrell Williams 2017,7.4375,0.2139
Tyrell Williams 2018,4.3125,0.1212
Tyrell Williams 2019,4.0,0.1279
Tyrone Swoopes 2019,1.0,0.0435
Vance McDonald 2014,1.2667,0.0502
Vance McDonald 2015,1.0,0.0323
Vance McDonald 2016,3.2857,0.0972
Vance McDonald 2017,4.0909,0.1353
Vance McDonald 2018,2.4,0.0707
Vance McDonald 2019,4.8667,0.1154
Vernon Davis 2014,5.6,0.225
Vernon Davis 2015,3.5714,0.1186
Vernon Davis 2016,4.05555,0.12245
Vernon Davis 2017,3.6875,0.0958
Vernon Davis 2018,4.25,0.1298
Vernon Davis 2019,2.5714,0.0806
Vick Ballard 2014,2.0,0.087
Victor Bolden Jr 2018,0.0,0.0
Victor Bolden Jr 2019,0.5,0.00925
Victor Cruz 2014,8.7143,0.2572
Victor Cruz 2015,6.8333,0.2046
Victor Cruz 2017,4.8,0.1257
Vince Mayle 2016,1.0,0.0256
Vince Mayle 2017,0.0,0.0
Vince Mayle 2018,0.0625,0.0015
Vincent Brown 2014,4.375,0.1292
Vincent Brown 2015,3.0,0.0721
Vincent Brown 2016,2.0,0.0476
Vincent Jackson 2014,10.0,0.3247
Vincent Jackson 2015,8.875,0.2664
Vincent Jackson 2016,6.2,0.201
Vincent Jackson 2017,6.4,0.1657
Virgil Green 2014,0.75,0.0194
Virgil Green 2015,0.4615,0.0119
Virgil Green 2016,0.9375,0.0264
Virgil Green 2017,3.0833,0.0903
Virgil Green 2018,1.375,0.0402
Virgil Green 2019,1.6875,0.0529
Visanthe Shiancoe 2014,2.0,0.0833
Vonta Leach 2014,1.25,0.0339
Vyncint Smith 2019,1.6,0.0441
Walt Powell 2015,0.0,0.0
Walt Powell 2016,0.0,0.0
Walt Powell 2017,2.7778,0.0921
Wayne Gallman 2018,3.6923,0.0981
Wayne Gallman 2019,1.4667,0.0439
Wendall Williams 2017,2.3333,0.0496
Wendell Smallwood 2017,1.0,0.0262
Wendell Smallwood 2018,2.25,0.0711
Wendell Smallwood 2019,2.1875,0.058
Wes Saxton 2016,0.0,0.0
Wes Welker 2014,8.5385,0.2068
Wes Welker 2015,4.5714,0.1212
Wes Welker 2016,2.75,0.0921
Weslye Saunders 2014,1.8333,0.0476
Weslye Saunders 2015,0.0,0.0
Will Dissly 2019,3.5,0.1146
Will Fuller V 2017,6.5714,0.1822
Will Fuller V 2018,5.0,0.1693
Will Fuller V 2019,6.4286,0.2174
Will Johnson 2014,0.6875,0.0212
Will Johnson 2015,0.625,0.0168
Will Johnson 2016,0.25,0.0055
Will Johnson 2017,,
Will Taufoou 2014,0.9375,0.0255
Will Taufoou 2015,0.5,0.0135
Will Tukuafu 2016,1.0,0.0345
Will Tukuafu 2017,0.1667,0.0048
Will Tye 2016,5.0833,0.127
Will Tye 2017,4.375,0.1176
Will Tye 2018,2.0,0.0663
Willie Snead IV 2016,6.8,0.1632
Willie Snead IV 2017,6.9333,0.1719
Willie Snead IV 2018,1.4545,0.0442
Willie Snead IV 2019,5.9375,0.1803
Willis McGahee 2014,0.9167,0.0242
Xavier Grimble 2017,1.6154,0.0424
Xavier Grimble 2018,0.6,0.0162
Xavier Grimble 2019,0.5,0.0118
Zac Stacy 2014,2.5,0.0955
Zac Stacy 2015,1.7692,0.0483
Zac Stacy 2016,1.5,0.0437
Zach Ertz 2014,3.5625,0.1091
Zach Ertz 2015,5.5,0.1383
Zach Ertz 2016,7.4667,0.1839
Zach Ertz 2017,7.5714,0.1848
Zach Ertz 2018,7.8571,0.2327
Zach Ertz 2019,9.75,0.2598
Zach Line 2014,1.0,0.0319
Zach Line 2015,0.0,0.0
Zach Line 2016,0.5625,0.0198
Zach Line 2017,0.2143,0.0063
Zach Line 2018,0.4167,0.0123
Zach Line 2019,0.625,0.019
Zach Miller 2014,4.0,0.1645
Zach Miller 2015,2.3333,0.0893
Zach Miller 2016,3.0667,0.1024
Zach Miller 2017,6.4,0.1858
Zach Miller 2018,4.375,0.1877
Zach Pascal 2019,2.8125,0.0618
Zach Sudfeld 2014,0.8182,0.025849999999999998
Zach Sudfeld 2015,0.4375,0.0174
Zach Zenner 2016,0.5,0.0097
Zach Zenner 2017,1.7692,0.0501
Zach Zenner 2018,0.125,0.0024
Zach Zenner 2019,1.25,0.0384
Zay Jones 2018,4.9333,0.1653
Zay Jones 2019,6.375,0.2164
Zurlon Tipton 2015,1.2,0.03
Zurlon Tipton 2016,0.8,0.021
