Avg_Preseason_Rank,Player
1.6,Saquon Barkley 2019
2.3,Christian McCaffrey 2019
3.0,Alvin Kamara 2019
6.0,DeAndre Hopkins 2019
6.3,Davante Adams 2019
7.5,Ezekiel Elliott 2019
8.8,Julio Jones 2019
8.9,David Johnson 2019
9.9,Travis Kelce 2019
10.6,Michael Thomas 2019
11.2,Odell JrO 2019
12.1,JuJu SmithSchuster 2019
13.6,James Conner 2019
14.0,LeVeon Bell 2019
16.3,Nick Chubb 2019
16.9,Dalvin Cook 2019
17.0,Tyreek Hill 2019
18.3,Mike Evans 2019
19.7,Joe Mixon 2019
20.7,Keenan Allen 2019
21.4,Todd Gurley 2019
23.0,Antonio Brown 2019
26.2,Adam Thielen 2019
27.1,Stefon Diggs 2019
27.5,George Kittle 2019
28.9,Kerryon Johnson 2019
29.5,Amari Cooper 2019
31.0,Leonard Fournette 2019
31.3,Aaron Jones 2019
32.3,Zach Ertz 2019
33.9,Devonta Freeman 2019
34.3,Brandin Cooks 2019
34.6,Julian Edelman 2019
34.8,Robert Woods 2019
38.3,Chris Godwin 2019
38.4,Patrick Mahomes 2019
39.9,Chris Carson 2019
41.8,Josh Jacobs 2019
42.4,Damien Williams 2019
42.8,Kenny Golladay 2019
46.9,Tyler Lockett 2019
47.0,Melvin Gordon 2019
48.6,David Montgomery 2019
49.0,Derrick Henry 2019
49.2,Marlon Mack 2019
49.2,Cooper Kupp 2019
49.4,Mark Ingram 2019
51.9,OJ Howard 2019
51.9,Tyler Boyd 2019
52.0,Sony Michel 2019
googletag.cmd.push(function() { googletag.display('div-gpt-ad-1404326895972-0'); });,googletagcmdpushfunction googletagdisplaydivgptad14043268959720 2019
52.1,James White 2019
53.8,Evan Engram 2019
55.4,TY Hilton 2019
57.8,DJ Moore 2019
58.0,Calvin Ridley 2019
58.3,Deshaun Watson 2019
58.5,Phillip Lindsay 2019
58.8,Alshon Jeffery 2019
59.0,Allen Robinson 2019
59.9,Duke Johnson 2019
62.7,Hunter Henry 2019
63.5,Tevin Coleman 2019
64.8,Aaron Rodgers 2019
65.2,Jarvis Landry 2019
66.1,Tarik Cohen 2019
66.8,Mike Williams 2019
72.2,Robby Anderson 2019
72.5,Kenyan Drake 2019
72.7,Miles Sanders 2019
72.9,Austin Ekeler 2019
74.5,AJ Green 2019
75.9,Josh Gordon 2019
76.3,Latavius Murray 2019
77.2,Baker Mayfield 2019
77.9,Dede Westbrook 2019
80.2,Derrius Guice 2019
80.4,Christian Kirk 2019
80.6,Matt Ryan 2019
81.8,Corey Davis 2019
84.1,Sammy Watkins 2019
85.7,Curtis Samuel 2019
86.5,Jared Cook 2019
86.5,Will Fuller 2019
87.0,Devin Singletary 2019
88.1,Sterling Shepard 2019
88.4,Rashaad Penny 2019
91.0,Carson Wentz 2019
91.3,Marvin Jones 2019
92.4,Royce Freeman 2019
92.4,Matt Breida 2019
92.9,Cam Newton 2019
94.7,Vance McDonald 2019
95.0,Larry Fitzgerald 2019
96.0,Russell Wilson 2019
97.1,Dante Pettis 2019
98.7,David Njoku 2019
100.7,LeSean McCoy 2019
103.3,Jordan Howard 2019
104.4,Jared Goff 2019
105.2,Drew Brees 2019
106.9,Dion Lewis 2019
107.3,Austin Hooper 2019
107.6,Jameis Winston 2019
109.0,Courtland Sutton 2019
106.5,Emmanuel Sanders 2019
109.6,Geronimo Allison 2019
109.9,Kalen Ballage 2019
112.1,Darrell Henderson 2019
115.8,Marquez ValdesScantling 2019
115.8,Lamar Jackson 2019
119.1,Ben Roethlisberger 2019
117.3,Kyler Murray 2019
121.1,Anthony Miller 2019
121.8,Dak Prescott 2019
122.0,Peyton Barber 2019
122.5,Michael Gallup 2019
123.1,Delanie Walker 2019
123.0,Keke Coutee 2019
125.7,DeSean Jackson 2019
126.5,Donte Moncrief 2019
127.7,Carlos Hyde 2019
128.0,Golden Tate 2019
128.6,Jaylen Samuels 2019
131.9,Philip Rivers 2019
129.7,Jamison Crowder 2019
133.0,John Brown 2019
133.9,Tyrell Williams 2019
132.2,Adrian Peterson 2019
133.6,Ronald IIR 2019
140.0,Tom Brady 2019
141.0,Mitch Trubisky 2019
142.2,Darwin Thompson 2019
137.6,Justice Hill 2019
141.9,Justin Jackson 2019
145.0,Trey Burton 2019
143.4,James Washington 2019
144.2,Kirk Cousins 2019
139.1,Chris Thompson 2019
149.7,Josh Allen 2019
145.9,Ito Smith 2019
149.2,DaeSean Hamilton 2019
140.1,Tony Pollard 2019
158.0,Damien Harris 2019
161.0,Jimmy Garoppolo 2019
164.0,Mark Andrews 2019
160.8,Adam Humphries 2019
159.2,Kenny Stills 2019
165.4,Sam Darnold 2019
171.5,Jordan Reed 2019
173.8,Eric Ebron 2019
167.4,Kyle Rudolph 2019
154.5,Giovani Bernard 2019
164.2,Mohamed Sanu 2019
163.9,CJ Anderson 2019
166.7,Albert Wilson 2019
167.5,DK Metcalf 2019
164.6,Alexander Mattison 2019
167.0,Kareem Hunt 2019
181.4,Nyheim Hines 2019
174.9,Marquise Goodwin 2019
177.0,TreQuan Smith 2019
189.7,Jacoby Brissett 2019
187.9,Jimmy Graham 2019
175.6,Devante Parker 2019
169.2,Jalen Richard 2019
181.5,Matthew Stafford 2019
176.2,Deebo Samuel 2019
187.2,Greg Olsen 2019
177.8,Mike Davis 2019
170.3,Jamaal Williams 2019
182.0,Quincy Enunwa 2019
166.6,Chicago DST 2019
188.4,Derek Carr 2019
171.1,Jacksonville DST 2019
170.0,Los LARLAR 2019
179.2,Frank Gore 2019
186.2,Chase Edmonds 2019
200.7,TJ Hockenson 2019
173.4,Minnesota DST 2019
176.3,Baltimore DST 2019
186.9,Malcolm Brown 2019
203.5,Devin Funchess 2019
175.1,Los LACLAC 2019
175.9,Cleveland DST 2019
198.8,Andy Dalton 2019
179.9,Greg Zuerlein 2019
179.4,New NONO 2019
181.7,Harrison Butker 2019
182.1,Houston DST 2019
182.3,Justin Tucker 2019
184.6,Stephen Gostkowski 2019
184.6,Denver DST 2019
189.4,NKeal Harry 2019
185.4,Ty Montgomery 2019
185.4,Wil Lutz 2019
188.9,New NENE 2019
218.2,Chris IVC 2019
210.1,Nick Foles 2019
204.0,Zay Jones 2019
192.2,Kaimi Fairbairn 2019
205.3,Marquise Brown 2019
193.2,Mason Crosby 2019
202.2,Trey Quinn 2019
192.9,Buffalo DST 2019
215.9,Marcus Mariota 2019
193.4,Jake Elliott 2019
227.0,Noah Fant 2019
226.6,Jack Doyle 2019
214.1,Mecole Hardman 2019
200.1,Dallas DST 2019
200.7,Brett Maher 2019
225.2,Dallas Goedert 2019
205.2,Michael Badgley 2019
206.3,Philadelphia DST 2019
204.4,Robbie Gould 2019
219.6,Randall Cobb 2019
194.4,Rex Burkhead 2019
202.5,TJ Yeldon 2019
214.5,Taylor Gabriel 2019
210.4,Matt Prater 2019
212.7,Robert Foster 2019
229.1,Ted Ginn 2019
231.1,Joe Flacco 2019
209.6,Ryquell Armstead 2019
228.2,Parris Campbell 2019
226.7,Marqise Lee 2019
221.8,Darren Waller 2019
222.0,Seattle DST 2019
223.4,AJ Brown 2019
223.4,Cole Beasley 2019
225.8,Pittsburgh DST 2019
228.2,DJ Chark 2019
211.7,Gus Edwards 2019
248.5,Tyler Eifert 2019
243.4,Eli Manning 2019
233.4,Andy Isabella 2019
233.4,Rashard Higgins 2019
233.8,Nelson Agholor 2019
228.5,David Moore 2019
231.6,Tennessee DST 2019
243.1,Ryan Fitzpatrick 2019
252.6,Mike Gesicki 2019
238.8,Adam Vinatieri 2019
247.8,Jason Myers 2019
246.3,Indianapolis DST 2019
249.4,Kansas KCKC 2019
238.8,John Ross 2019
243.0,Paul Richardson 2019
250.4,Dwayne Haskins 2019
178.2,Dare Ogunbowale 2019
254.9,Josh Rosen 2019
242.9,Willie Snead 2019
257.4,Case Keenum 2019
248.6,Danny Amendola 2019
236.3,Miles Boykin 2019
269.1,Gerald Everett 2019
218.6,Theo Riddick 2019
252.4,Antonio Callaway 2019
238.3,Benny JrB 2019
253.4,JJ ArcegaWhiteside 2019
238.3,Corey Clement 2019
269.6,Carolina DST 2019
279.0,Jason Witten 2019
237.9,Dexter Williams 2019
221.8,Dontrell Hilliard 2019
258.9,Daniel Jones 2019
271.5,Aldrick Rosas 2019
276.3,Atlanta DST 2019
277.0,Green GBGB 2019
279.4,Chris Boswell 2019
220.6,Elijah McGuire 2019
253.7,Terry McLaurin 2019
271.1,Phillip Dorsett 2019
271.5,Josh Reynolds 2019
270.8,Chris Conley 2019
277.4,Keelan Cole 2019
247.2,KeeSean Johnson 2019
256.8,Jordan Wilkins 2019
250.6,Devontae Booker 2019
255.2,Wayne Gallman 2019
295.8,Cameron Brate 2019
296.9,Ian Thomas 2019
288.4,Ryan Succop 2019
278.9,Dan Bailey 2019
250.8,Alfred Blue 2019
294.1,Brandon McManus 2019
239.3,Brian Hill 2019
284.1,Breshad Perriman 2019
263.9,Josh Doctson 2019
277.6,Jalen Hurd 2019
292.5,Washington DST 2019
299.0,Josh Lambo 2019
298.0,Arizona DST 2019
273.4,Ryan Tannehill 2019
250.0,Doug Martin 2019
302.3,Detroit DST 2019
266.9,Bilal Powell 2019
248.3,Preston Williams 2019
290.2,New NYJNYJ 2019
273.8,Demaryius Thomas 2019
265.1,Hunter Renfrow 2019
258.5,Josh Adams 2019
292.2,Taywan Taylor 2019
309.1,Hayden Hurst 2019
299.0,Will Dissly 2019
285.1,Diontae Johnson 2019
298.7,Chris Hogan 2019
264.6,Wendell Smallwood 2019
259.1,Qadree Ollison 2019
311.6,New NYGNYG 2019
307.0,Steven Hauschka 2019
306.3,Jake Kumerow 2019
275.7,Giorgio Tavecchio 2019
286.2,Ameer Abdullah 2019
248.8,Damarea Crockett 2019
251.1,Darren Sproles 2019
280.7,Myles Gaskin 2019
258.1,Matt Bryant 2019
282.9,John Kelly 2019
303.8,San SFSF 2019
314.6,Ricky SealsJones 2019
285.9,Cameron ArtisPayne 2019
307.6,Demarcus Robinson 2019
286.3,Rod Smith 2019
272.7,Trayveon Williams 2019
306.9,Deon Cain 2019
273.5,Michael Crabtree 2019
239.5,Ty Johnson 2019
277.0,Jakobi Meyers 2019
274.1,Travis Benjamin 2019
263.9,Jordan Scarlett 2019
265.0,Spencer Ware 2019
313.3,Cordarrelle Patterson 2019
325.1,Charles Clay 2019
311.3,Daniel Carlson 2019
226.0,DOnta Foreman 2019
275.9,Alfred Morris 2019
304.9,Greg Joseph 2019
305.6,Matt LaCosse 2019
332.3,Nick Vannett 2019
317.3,Irv JrI 2019
286.3,Mike Weber 2019
282.3,Darrel Williams 2019
297.9,Geoff Swaim 2019
286.3,Mark Walton 2019
317.2,Keith Kirkwood 2019
290.1,Taysom Hill 2019
312.9,Benjamin Watson 2019
306.7,Jordan Thomas 2019
288.6,Trenton Cannon 2019
270.2,Jaron Brown 2019
281.7,Mike Boone 2019
323.8,Jonnu Smith 2019
305.3,Trent Taylor 2019
302.1,Zach Zenner 2019
291.0,Drew Lock 2019
289.4,Jeff Wilson 2019
324.4,Miami DST 2019
324.6,Ryan Grant 2019
303.1,Blake Bortles 2019
288.6,Bryce Love 2019
283.2,Bruce Anderson 2019
260.4,Andre Ellington 2019
325.7,CJ Uzomah 2019
317.6,Tampa TBTB 2019
322.5,Vernon Davis 2019
305.4,Justin Watson 2019
268.7,Jay Ajayi 2019
306.3,Chad Beebe 2019
325.4,Cameron Meredith 2019
326.4,Blake Jarwin 2019
322.6,Josh Oliver 2019
293.5,DeAndre Washington 2019
336.4,Kendrick Bourne 2019
299.2,Jakeem Grant 2019
326.4,Tim Patrick 2019
327.6,JMon Moore 2019
333.2,Jace Sternberger 2019
314.9,Teddy Bridgewater 2019
318.8,Cairo Santos 2019
291.7,Karan Higdon 2019
324.0,Dawson Knox 2019
317.1,Cody Latimer 2019
304.0,Dustin Hopkins 2019
333.3,Jesse James 2019
340.2,Jake Butt 2019
294.3,Devine Ozigbo 2019
286.6,Kyle Juszczyk 2019
326.9,Nick Mullens 2019
327.3,Ryan Switzer 2019
293.9,Raheem Mostert 2019
329.1,Kelvin Harmon 2019
322.1,Chris Moore 2019
287.4,CJ Prosise 2019
304.7,Travis Homer 2019
345.3,Chester Rogers 2019
338.9,Adam Shaheen 2019
323.8,Marcus Murphy 2019
326.2,Will Grier 2019
298.7,Matt Gay 2019
292.7,Joey Slye 2019
316.1,Cincinnati DST 2019
316.7,Damion Willis 2019
343.8,Tyler Higbee 2019
329.4,Gary Jennings 2019
299.3,Eddy Pineiro 2019
279.9,Austin Seibert 2019
302.6,JD McKissic 2019
339.6,Luke Willson 2019
319.1,Boston Scott 2019
320.2,Elijah Holyfield 2019
279.6,Cody Parkey 2019
318.3,Tyler Kroft 2019
318.7,Randy Bullock 2019
336.7,Dontrelle Inman 2019
307.0,Zane Gonzalez 2019
318.0,Colt McCoy 2019
284.3,Alex Collins 2019
341.7,Laquon Treadwell 2019
315.3,LeGarrette Blount 2019
348.4,Jarius Wright 2019
292.3,Javorius Allen 2019
340.9,Tyrod Taylor 2019
341.8,Robert Griffin 2019
333.1,Kahale Warring 2019
314.9,Riley Ridley 2019
282.4,Alex Barnes 2019
316.7,Brett Hundley 2019
329.5,Tavon Austin 2019
307.3,Oakland DST 2019
289.4,Corey Grant 2019
309.3,Buddy Howell 2019
332.1,Ryan Finley 2019
340.0,Paul Perkins 2019
340.1,Darius Slayton 2019
342.2,James Develin 2019
336.3,Dwayne Washington 2019
339.8,DeShone Kizer 2019
339.9,JJ Nelson 2019
340.1,Allen Hurns 2019
346.7,AJ McCarron 2019
322.0,Jordan Akins 2019
307.0,DErnest Johnson 2019
326.0,Chad Kelly 2019
350.2,Jordan Matthews 2019
292.0,Chris Ivory 2019
315.0,Maurice Harris 2019
331.2,Chase Daniel 2019
340.7,Detrez Newsome 2019
300.3,Brian Hoyer 2019
321.2,Mason Rudolph 2019
334.7,Austin SeferianJenkins 2019
307.5,Jeremy Hill 2019
307.8,CJ Ham 2019
338.0,Josh Hill 2019
309.3,Samaje Perine 2019
309.5,Dez Bryant 2019
327.2,John Ursua 2019
310.3,Jacquizz Rodgers 2019
354.1,TJ Logan 2019
328.8,Pierre Garcon 2019
330.2,Benny Cunningham 2019
286.0,Chandler Catanzaro 2019
330.8,Mo AlieCox 2019
331.8,Andy Janovich 2019
335.0,Demetrius Harris 2019
345.8,Torrey Smith 2019
346.2,Maxx Williams 2019
359.6,Alex Erickson 2019
336.8,Elijhaa Penny 2019
246.0,Josh Malone 2019
301.0,Jason Sanders 2019
327.5,Jacob Hollister 2019
259.5,Greg Dortch 2019
352.2,David Fluellen 2019
311.0,Isaiah McKenzie 2019
313.3,DJ Foster 2019
315.7,Josh Ferguson 2019
336.3,Zach Line 2019
350.6,Seth Roberts 2019
360.5,Jeff Heuerman 2019
288.0,Kaare Vedvik 2019
343.8,Nick OLeary 2019
291.5,Dwayne Allen 2019
357.8,Josh McCown 2019
331.7,Rhett Ellison 2019
332.0,Byron Pringle 2019
351.0,Tajae Sharpe 2019
360.4,Nick Boyle 2019
337.0,Anthony Sherman 2019
362.4,Justin Hardy 2019
368.7,Darius Jackson 2019
341.7,Thomas Rawls 2019
356.5,Brandon Powell 2019
366.6,Scott Miller 2019
322.0,Kenneth Farrow 2019
322.5,Charcandrick West 2019
324.0,Taylor Bertolet 2019
349.0,Nate Sudfeld 2019
325.5,Blake Bell 2019
327.5,Jason Croom 2019
351.7,Eli Rogers 2019
353.0,Foster Moreau 2019
332.5,Kelvin Benjamin 2019
334.0,Kevin White 2019
335.5,Reggie Bonnafon 2019
356.3,Noah Brown 2019
338.0,Keith Smith 2019
338.5,Patrick DiMarco 2019
342.5,Bennie Fowler 2019
343.5,Taquan Mizzell 2019
374.8,Richie James 2019
345.5,Roosevelt Nix 2019
347.0,Trevon Wesco 2019
348.0,Tra Carson 2019
365.0,Trevor Siemian 2019
349.0,Deontay Burnett 2019
350.5,Russell Shepard 2019
374.5,Alex Armah 2019
352.0,Cooper Rush 2019
369.0,Kerrith Whyte 2019
356.0,Dylan Cantrell 2019
370.7,Cody Core 2019
358.0,Drew Stanton 2019
382.8,Matt Barkley 2019
364.0,Jamize Olawale 2019
367.5,Jeremy McNichols 2019
371.0,Kenjon Barner 2019
371.5,Trey Edmunds 2019
375.0,Roc Thomas 2019
375.5,Juwann Winfree 2019
384.3,Mack Hollins 2019
378.5,Trent Sherfield 2019
383.0,Byron Marshall 2019
389.5,Andre Roberts 2019
394.0,Luke Stocker 2019
1.9,Todd Gurley 2018
2.4,LeVeon Bell 2018
3.4,David Johnson 2018
4.5,Antonio Brown 2018
5.9,Ezekiel Elliott 2018
7.8,Alvin Kamara 2018
8.0,DeAndre Hopkins 2018
8.3,Odell JrO 2018
9.5,Saquon Barkley 2018
10.9,Julio Jones 2018
12.2,Michael Thomas 2018
12.9,Melvin Gordon 2018
13.3,Keenan Allen 2018
14.8,Kareem Hunt 2018
16.2,AJ Green 2018
16.3,Leonard Fournette 2018
16.7,Davante Adams 2018
16.9,Christian McCaffrey 2018
20.8,Dalvin Cook 2018
23.6,Mike Evans 2018
23.7,Rob Gronkowski 2018
24.4,Devonta Freeman 2018
25.7,TY Hilton 2018
27.4,Stefon Diggs 2018
27.7,Larry Fitzgerald 2018
28.5,Travis Kelce 2018
29.3,Adam Thielen 2018
29.8,Tyreek Hill 2018
31.4,Jerick McKinnon 2018
31.6,Joe Mixon 2018
30.4,Doug Baldwin 2018
33.2,Jordan Howard 2018
32.9,Amari Cooper 2018
36.5,Zach Ertz 2018
36.7,Jarvis Landry 2018
37.3,Demaryius Thomas 2018
37.9,Golden Tate 2018
38.8,LeSean McCoy 2018
38.7,Aaron Rodgers 2018
43.3,Kenyan Drake 2018
44.8,Alex Collins 2018
43.6,Allen Robinson 2018
45.7,JuJu SmithSchuster 2018
50.1,Brandin Cooks 2018
50.3,Lamar Miller 2018
52.8,Marvin Jones 2018
54.5,Russell Wilson 2018
54.9,Josh Gordon 2018
53.6,Tom Brady 2018
55.8,Corey Davis 2018
googletag.cmd.push(function() { googletag.display('div-gpt-ad-1404326895972-0'); });,googletagcmdpushfunction googletagdisplaydivgptad14043268959720 2018
54.4,Chris Hogan 2018
56.0,Royce Freeman 2018
58.1,Cam Newton 2018
59.9,Dion Lewis 2018
58.4,Michael Crabtree 2018
58.7,Jay Ajayi 2018
60.3,Emmanuel Sanders 2018
62.9,Derrick Henry 2018
61.5,Deshaun Watson 2018
63.9,Greg Olsen 2018
63.4,Mark Ingram 2018
67.4,Marquise Goodwin 2018
69.8,Jimmy Graham 2018
67.6,Rex Burkhead 2018
70.9,Delanie Walker 2018
69.9,Drew Brees 2018
70.1,Jamison Crowder 2018
73.6,Evan Engram 2018
71.0,Sammy Watkins 2018
76.2,Marshawn Lynch 2018
76.8,Robby Anderson 2018
76.3,Cooper Kupp 2018
75.9,Tevin Coleman 2018
79.0,Pierre Garcon 2018
76.6,Alshon Jeffery 2018
78.9,Chris Thompson 2018
81.5,Kyle Rudolph 2018
80.6,Kirk Cousins 2018
79.5,Robert Woods 2018
79.9,Randall Cobb 2018
83.6,Carson Wentz 2018
84.9,Carlos Hyde 2018
82.6,Duke Johnson 2018
87.4,Matthew Stafford 2018
85.4,Devin Funchess 2018
88.0,Andrew Luck 2018
89.5,Trey Burton 2018
85.3,Kerryon Johnson 2018
87.0,Nelson Agholor 2018
86.5,Tarik Cohen 2018
92.9,Jordan Reed 2018
88.1,Julian Edelman 2018
93.0,Will Fuller 2018
92.3,Jamaal Williams 2018
92.6,Jordy Nelson 2018
93.8,Kenny Stills 2018
98.0,Ben Roethlisberger 2018
94.4,Sony Michel 2018
98.5,Sterling Shepard 2018
96.3,Chris Carson 2018
102.0,Jack Doyle 2018
104.0,Philip Rivers 2018
100.2,Rashaad Penny 2018
106.0,Jimmy Garoppolo 2018
105.5,Isaiah Crowell 2018
104.9,Kelvin Benjamin 2018
107.1,Peyton Barber 2018
113.0,David Njoku 2018
108.1,Marlon Mack 2018
115.1,Matt Ryan 2018
117.3,Patrick Mahomes 2018
113.5,James White 2018
120.8,George Kittle 2018
123.2,Jared Goff 2018
119.1,Devante Parker 2018
125.5,Marcus Mariota 2018
120.0,Allen Hurns 2018
128.8,Alex Smith 2018
126.0,Kenny Golladay 2018
124.8,Ronald IIR 2018
124.6,Giovani Bernard 2018
126.6,Ty Montgomery 2018
127.8,Bilal Powell 2018
125.5,Keelan Cole 2018
135.9,Dak Prescott 2018
129.3,Rishard Matthews 2018
130.9,Tyler Lockett 2018
138.5,OJ Howard 2018
130.2,DJ Moore 2018
131.1,Theo Riddick 2018
138.4,Tyler Eifert 2018
133.2,Mike Williams 2018
138.8,Charles Clay 2018
137.2,CJ Anderson 2018
137.1,Devontae Booker 2018
135.1,Chris Godwin 2018
139.0,Aaron Jones 2018
146.5,Eric Ebron 2018
141.6,Jacksonville DST 2018
138.4,Anthony Miller 2018
136.8,Josh Doctson 2018
142.6,Adrian Peterson 2018
147.0,Cameron Brate 2018
148.5,Jared Cook 2018
136.2,Michael Gallup 2018
141.8,Cameron Meredith 2018
148.8,Minnesota DST 2018
150.1,Corey Clement 2018
153.7,Blake Bortles 2018
151.6,Austin SeferianJenkins 2018
155.2,Derek Carr 2018
151.6,Matt Breida 2018
144.1,Calvin Ridley 2018
146.2,John Brown 2018
153.0,Nick Chubb 2018
158.4,Benjamin Watson 2018
158.3,Mitch Trubisky 2018
155.8,Los LARLAR 2018
156.6,Philadelphia DST 2018
146.6,Dede Westbrook 2018
161.8,Eli Manning 2018
159.2,Ricky SealsJones 2018
153.4,Mohamed Sanu 2018
155.8,Latavius Murray 2018
156.6,Tyrell Williams 2018
163.8,Austin Hooper 2018
162.0,Los LACLAC 2018
159.9,DeSean Jackson 2018
167.3,Case Keenum 2018
159.9,Jordan Wilkins 2018
165.9,Houston DST 2018
170.8,Andy Dalton 2018
161.4,Paul Richardson 2018
166.7,John Ross 2018
166.4,Austin Ekeler 2018
165.9,Nyheim Hines 2018
167.6,Denver DST 2018
172.1,Baltimore DST 2018
169.5,Stephen Gostkowski 2018
172.4,Mike Gesicki 2018
167.6,Frank Gore 2018
176.1,Jameis Winston 2018
173.6,Justin Tucker 2018
176.0,Javorius Allen 2018
173.6,Ted Ginn 2018
176.8,Vance McDonald 2018
175.0,Greg Zuerlein 2018
172.4,Danny Amendola 2018
165.8,Dez Bryant 2018
181.0,Tyrod Taylor 2018
175.1,Christian Kirk 2018
178.3,Donte Moncrief 2018
186.6,Ryan Tannehill 2018
182.4,Matt Bryant 2018
182.6,LeGarrette Blount 2018
182.9,TJ Yeldon 2018
183.9,New NONO 2018
180.2,Doug Martin 2018
176.2,Geronimo Allison 2018
179.3,Ryan Grant 2018
185.1,DOnta Foreman 2018
186.9,Mike Wallace 2018
186.9,Wil Lutz 2018
187.5,Quincy Enunwa 2018
181.6,Cole Beasley 2018
187.9,Darren Sproles 2018
190.2,New NENE 2018
189.8,Hayden Hurst 2018
183.4,Samaje Perine 2018
196.1,Seattle DST 2018
193.8,Pittsburgh DST 2018
191.7,Courtland Sutton 2018
191.4,Chris Ivory 2018
194.8,Carolina DST 2018
195.5,Spencer Ware 2018
189.9,Kenneth Dixon 2018
191.1,Taywan Taylor 2018
197.0,Matt Prater 2018
202.8,Jake Elliott 2018
193.2,Martavis Bryant 2018
197.6,James Washington 2018
202.3,Dan Bailey 2018
205.0,Joe Flacco 2018
201.9,Albert Wilson 2018
198.0,Robert Kelley 2018
201.0,Chicago DST 2018
206.4,Kansas KCKC 2018
209.6,Alfred Morris 2018
202.8,Chris Boswell 2018
203.9,Atlanta DST 2018
204.0,Harrison Butker 2018
206.2,Arizona DST 2018
217.6,Kalen Ballage 2018
207.7,Corey Coleman 2018
207.7,Mason Crosby 2018
208.0,Brandon Marshall 2018
218.5,Wayne Gallman 2018
232.2,James Conner 2018
214.9,Jermaine Kearse 2018
216.3,Chase Edmonds 2018
209.6,Robbie Gould 2018
222.4,Jonathan Williams 2018
216.5,Luke Willson 2018
231.3,Jeremy Hill 2018
225.0,Corey Grant 2018
219.8,Dallas Goedert 2018
223.1,Green GBGB 2018
218.7,Graham Gano 2018
223.3,Jake Butt 2018
221.3,Tennessee DST 2018
223.1,Vernon Davis 2018
220.3,Dante Pettis 2018
221.1,Terrance Williams 2018
220.1,Terrelle Pryor 2018
228.2,Phillip Dorsett 2018
223.4,Nick Vannett 2018
224.1,Sam Bradford 2018
218.5,Willie Snead 2018
218.1,Adam Vinatieri 2018
241.1,CJ Prosise 2018
227.3,Cincinnati DST 2018
231.3,TreQuan Smith 2018
247.4,John Kelly 2018
220.5,Ryan Succop 2018
231.4,Brandon McManus 2018
227.7,New NYGNYG 2018
236.4,Tyler Kroft 2018
249.3,Cleveland DST 2018
232.5,Sam Darnold 2018
222.4,Jordan Matthews 2018
230.2,Kai Forbath 2018
251.3,Kaimi Fairbairn 2018
256.3,Rod Smith 2018
264.5,Lamar Jackson 2018
253.0,Detroit DST 2018
247.6,Cairo Santos 2018
232.2,Tyler Boyd 2018
265.4,Steven Hauschka 2018
237.4,Josh Lambo 2018
243.9,Josh Allen 2018
243.5,Daniel Carlson 2018
255.8,Chester Rogers 2018
246.2,Ed Dickson 2018
253.8,Ameer Abdullah 2018
248.7,Trent Taylor 2018
266.8,Tavon Austin 2018
256.2,Buffalo DST 2018
253.3,Jesse James 2018
239.5,Cordarrelle Patterson 2018
240.8,DJ Chark 2018
262.7,Washington DST 2018
267.1,Dallas DST 2018
276.2,San SFSF 2018
268.3,Josh McCown 2018
244.3,Adam Shaheen 2018
262.5,Kyle Juszczyk 2018
258.5,Elijah McGuire 2018
246.0,Jeremy Maclin 2018
262.6,Christine Michael 2018
290.3,Alfred Blue 2018
242.8,Antonio Callaway 2018
271.9,Mack Hollins 2018
277.5,Joe Williams 2018
320.3,Mark Walton 2018
247.0,Josh Hill 2018
238.6,Virgil Green 2018
263.2,Kevin White 2018
215.7,CJ Fiedorowicz 2018
251.3,Blair Walsh 2018
271.7,Jonnu Smith 2018
274.0,Garrett Celek 2018
265.0,Brice Butler 2018
299.4,Damien Williams 2018
255.9,Antonio Gates 2018
262.2,Travis Benjamin 2018
262.0,Nick Boyle 2018
267.9,Oakland DST 2018
283.4,DeAndre Washington 2018
248.3,Gerald Everett 2018
305.5,Mike Davis 2018
250.0,Phillip Lindsay 2018
258.4,Tampa TBTB 2018
279.2,Baker Mayfield 2018
293.3,Miami DST 2018
273.1,Adam Humphries 2018
267.4,Jordan Akins 2018
253.4,Ryan Griffin 2018
261.9,Jonathan Stewart 2018
266.3,Caleb Sturgis 2018
270.4,Jalen Richard 2018
274.3,Josh Rosen 2018
301.9,Ryan Fitzpatrick 2018
303.5,Jacquizz Rodgers 2018
265.7,Stephen Anderson 2018
276.0,Dustin Hopkins 2018
281.1,Phil Dawson 2018
307.5,Robert Turbin 2018
267.9,Keke Coutee 2018
273.3,Curtis Samuel 2018
253.9,Zay Jones 2018
262.5,JJ Nelson 2018
290.4,Cody Parkey 2018
295.4,Chandler Catanzaro 2018
330.7,Nick Foles 2018
272.0,Marquez ValdesScantling 2018
256.0,Taylor Gabriel 2018
259.3,Tajae Sharpe 2018
257.5,Jaron Brown 2018
273.3,Kendall Wright 2018
296.5,Rashard Higgins 2018
271.1,Tyler Higbee 2018
286.9,Boston Scott 2018
252.9,Blake Jarwin 2018
257.0,Chris IIIC 2018
265.7,Cody Latimer 2018
270.0,Malcolm Mitchell 2018
270.5,Mark Andrews 2018
274.9,Kenny Britt 2018
277.4,Torrey Smith 2018
278.7,Chad Williams 2018
279.4,Chris IVC 2018
281.4,New NYJNYJ 2018
281.5,Jeremy McNichols 2018
282.3,Equanimeous BrownE 2018
282.3,Bo Scarbrough 2018
283.7,Laquon Treadwell 2018
285.0,Bruce Ellington 2018
286.8,Jeremy Kerley 2018
287.0,Jakeem Grant 2018
289.0,Jeff Heuerman 2018
290.8,DeAngelo Henderson 2018
292.0,Daurice Fountain 2018
292.0,Eli Rogers 2018
293.0,Breshad Perriman 2018
293.2,Sebastian Janikowski 2018
294.4,Charles Sims 2018
295.6,Seth Roberts 2018
296.5,Mike Gillislee 2018
298.0,Jaylen Samuels 2018
298.3,Clive Walford 2018
301.3,Nick OLeary 2018
301.7,Brandon LaFell 2018
302.1,Jermaine Gresham 2018
303.3,Randy Bullock 2018
303.7,AJ Derby 2018
303.9,Teddy Bridgewater 2018
304.5,Orleans Darkwa 2018
305.9,Terrance West 2018
307.1,Justin Jackson 2018
307.2,Jordan Leggett 2018
308.0,Michael Roberts 2018
308.0,Braedon Bowman 2018
309.3,Chris Conley 2018
309.3,Marcedes Lewis 2018
310.5,Keith Smith 2018
310.8,Chris Moore 2018
312.5,Pharoh Cooper 2018
312.6,Travaris Cadet 2018
313.8,DaeSean Hamilton 2018
314.0,TJ Jones 2018
314.1,JMon Moore 2018
314.3,Ito Smith 2018
316.0,Kamar Aiken 2018
317.1,AJ McCarron 2018
319.0,Demarcus Robinson 2018
321.0,Aldrick Rosas 2018
321.3,Indianapolis DST 2018
321.7,Malcolm Brown 2018
322.7,Josh Malone 2018
324.3,Demetrius Harris 2018
324.5,Trey Quinn 2018
324.7,Josh Reynolds 2018
326.4,Amara Darboh 2018
326.5,Thomas Rawls 2018
326.6,Ryan Switzer 2018
327.0,Logan Paulsen 2018
330.3,Sean Culkin 2018
330.7,Seth DeValve 2018
331.3,Rico Gathers 2018
331.8,Charcandrick West 2018
333.0,Niles Paul 2018
333.3,Roger Lewis 2018
334.0,Marcell Ateman 2018
337.0,Dalton Schultz 2018
338.5,Jarius Wright 2018
339.0,Rhett Ellison 2018
340.0,Dwayne Allen 2018
343.8,Shane Vereen 2018
345.0,Jacob Hollister 2018
345.0,Tyler Ervin 2018
346.0,Derek Carrier 2018
347.0,Justin Hardy 2018
347.2,JD McKissic 2018
348.7,Cameron ArtisPayne 2018
349.8,Jacoby Brissett 2018
356.5,DeAnthony Thomas 2018
359.0,Wendell Smallwood 2018
360.5,Levine Toilolo 2018
367.3,Benny Cunningham 2018
370.3,Andre Holmes 2018
371.0,Zach Line 2018
374.5,Akrum Wadley 2018
385.5,Deonte Thompson 2018
391.5,ArDarius Stewart 2018
398.0,TJ Logan 2018
401.5,Braxton Berrios 2018
402.0,Nathan Peterman 2018
404.5,Mack Brown 2018
406.5,Trey Edmunds 2018
408.0,Carlos Henderson 2018
415.0,Chad Kelly 2018
427.5,Aldrick Robinson 2018
1.2,David Johnson 2017
1.8,LeVeon Bell 2017
3.0,Antonio Brown 2017
5.4,Julio Jones 2017
5.7,Odell Beckham 2017
7.0,LeSean McCoy 2017
8.6,AJ Green 2017
8.9,Mike Evans 2017
9.2,Melvin Gordon 2017
9.5,Devonta Freeman 2017
10.9,Jordy Nelson 2017
14.5,DeMarco Murray 2017
14.5,Jay Ajayi 2017
12.9,Michael Thomas 2017
15.7,Jordan Howard 2017
19.2,Doug Baldwin 2017
19.2,Dez Bryant 2017
19.7,Amari Cooper 2017
21.0,Todd Gurley 2017
21.6,Brandin Cooks 2017
22.5,TY Hilton 2017
23.9,Rob Gronkowski 2017
25.0,Demaryius Thomas 2017
26.2,DeAndre Hopkins 2017
30.5,Isaiah Crowell 2017
30.9,Keenan Allen 2017
32.8,Leonard Fournette 2017
34.2,Travis Kelce 2017
34.7,Ezekiel Elliott 2017
35.4,Lamar Miller 2017
36.3,Alshon Jeffery 2017
37.1,Terrelle Pryor 2017
38.0,Michael Crabtree 2017
39.1,Larry Fitzgerald 2017
39.2,Dalvin Cook 2017
39.2,Allen Robinson 2017
39.6,Golden Tate 2017
40.1,Christian McCaffrey 2017
38.4,Aaron Rodgers 2017
41.5,Kareem Hunt 2017
41.7,Davante Adams 2017
44.0,Carlos Hyde 2017
40.4,Tom Brady 2017
44.8,Ty Montgomery 2017
45.6,Marshawn Lynch 2017
48.2,Greg Olsen 2017
48.6,Jarvis Landry 2017
47.3,Drew Brees 2017
52.0,Jordan Reed 2017
52.1,Stefon Diggs 2017
googletag.cmd.push(function() { googletag.display('div-gpt-ad-1404326895972-0'); });,googletagcmdpushfunction  2017
53.2,Mark Ingram 2017
53.7,Emmanuel Sanders 2017
53.9,Joe Mixon 2017
55.0,Bilal Powell 2017
55.2,Tyreek Hill 2017
55.5,Sammy Watkins 2017
57.8,Danny Woodhead 2017
57.9,Jamison Crowder 2017
59.5,Jimmy Graham 2017
59.9,CJ Anderson 2017
63.6,Martavis Bryant 2017
65.1,Kelvin Benjamin 2017
65.7,Ameer Abdullah 2017
62.9,Russell Wilson 2017
63.9,Matt Ryan 2017
67.2,Willie Snead 2017
68.9,Tevin Coleman 2017
69.0,Pierre Garcon 2017
73.5,Brandon Marshall 2017
75.2,Kyle Rudolph 2017
77.1,Tyler Eifert 2017
77.9,Frank Gore 2017
76.7,Jeremy Maclin 2017
78.5,Devante Parker 2017
77.5,Kirk Cousins 2017
80.9,Theo Riddick 2017
82.0,Zach Ertz 2017
85.3,Delanie Walker 2017
85.7,Mike Gillislee 2017
82.0,Marcus Mariota 2017
86.7,Donte Moncrief 2017
84.0,Andrew Luck 2017
85.7,DeSean Jackson 2017
86.3,Duke Johnson 2017
85.9,Jameis Winston 2017
89.5,Doug Martin 2017
86.7,Cam Newton 2017
92.8,Adrian Peterson 2017
91.7,Tyrell Williams 2017
91.8,Eric Decker 2017
95.8,Paul Perkins 2017
93.3,Terrance West 2017
95.9,Randall Cobb 2017
97.7,Kenny Britt 2017
100.1,Martellus Bennett 2017
98.2,Derek Carr 2017
100.3,Jordan Matthews 2017
100.6,Adam Thielen 2017
98.8,Ben Roethlisberger 2017
104.3,Mike Wallace 2017
104.3,James White 2017
104.4,Eric Ebron 2017
106.1,Robert Kelley 2017
104.8,Dak Prescott 2017
106.2,Corey Coleman 2017
106.5,Philip Rivers 2017
108.2,Matthew Stafford 2017
110.6,Derrick Henry 2017
113.4,Hunter Henry 2017
112.8,Darren Sproles 2017
111.6,CJ Prosise 2017
113.5,Matt Forte 2017
116.3,LeGarrette Blount 2017
114.2,John Brown 2017
116.8,Jack Doyle 2017
115.0,Rishard Matthews 2017
116.7,Eddie Lacy 2017
121.3,Jonathan Stewart 2017
118.8,Marvin Jones 2017
120.8,Andy Dalton 2017
124.5,Darren McFadden 2017
126.4,Corey Davis 2017
126.0,Jason Witten 2017
132.2,Chris Hogan 2017
128.7,Kevin White 2017
129.8,Eli Manning 2017
132.7,Thomas Rawls 2017
137.6,Ted Ginn 2017
135.3,Giovani Bernard 2017
134.8,Coby Fleener 2017
136.7,Zay Jones 2017
135.3,Tyrod Taylor 2017
139.6,Sterling Shepard 2017
141.1,Austin Hooper 2017
142.2,Carson Palmer 2017
143.3,Jacquizz Rodgers 2017
144.4,Carson Wentz 2017
143.9,Denver Broncos
146.0,CJ Fiedorowicz 2017
145.7,Rex Burkhead 2017
147.0,Cole Beasley 2017
142.5,Robby Anderson 2017
148.8,Chris Thompson 2017
146.2,Samaje Perine 2017
148.3,Cameron Brate 2017
147.9,Houston Texans
147.3,Seattle Seahawks
152.4,Shane Vereen 2017
151.8,Josh Doctson 2017
154.5,Julius Thomas 2017
154.8,Jeremy Hill 2017
155.2,Tyler Lockett 2017
153.1,Kansas City 2017
153.4,Alvin Kamara 2017
156.9,Jamaal Charles 2017
155.5,Jamaal Williams 2017
161.9,Latavius Murray 2017
161.3,Marqise Lee 2017
160.0,Antonio Gates 2017
165.2,Kenny Stills 2017
161.4,Minnesota Vikings
163.4,Arizona Cardinals
165.4,Cooper Kupp 2017
170.7,Breshad Perriman 2017
168.4,Kenny Golladay 2017
173.6,DeAndre Washington 2017
175.1,Robert Woods 2017
169.7,Joe Flacco 2017
170.7,Stephen Gostkowski 2017
171.4,New England 2017
172.5,Justin Tucker 2017
176.8,Charles Sims 2017
177.6,Marlon Mack 2017
175.9,Jared Cook 2017
172.6,Sam Bradford 2017
179.1,Kendall Wright 2017
180.5,Dion Lewis 2017
176.9,Evan Engram 2017
175.1,OJ Howard 2017
176.2,Blake Bortles 2017
175.2,Jay Cutler 2017
180.3,Mohamed Sanu 2017
184.3,Taylor Gabriel 2017
184.7,JJ Nelson 2017
187.3,John Ross 2017
187.9,Jonathan Williams 2017
183.4,Charles Clay 2017
187.1,Devin Funchess 2017
180.5,Carolina Panthers
179.4,Matt Bryant 2017
180.3,Dan Bailey 2017
190.3,DOnta Foreman 2017
180.8,New York 2017
184.2,Alex Smith 2017
187.2,David Njoku 2017
188.5,Allen Hurns 2017
185.7,Mason Crosby 2017
191.2,Jalen Richard 2017
204.0,Wendell Smallwood 2017
202.2,Torrey Smith 2017
187.8,Nelson Agholor 2017
195.5,Joe Williams 2017
181.6,Danny Amendola 2017
192.8,TJ Yeldon 2017
196.0,Malcolm Mitchell 2017
201.8,Zach Miller 2017
200.4,Tavon Austin 2017
197.6,Austin SeferianJenkins 2017
195.1,Charcandrick West 2017
194.0,Jacksonville Jaguars
198.7,Chris Conley 2017
195.1,Adam Vinatieri 2017
204.1,Mike Williams 2017
193.1,Los Angeles 2017
202.9,Robert Turbin 2017
209.0,Jerick McKinnon 2017
205.1,Will Fuller 2017
213.5,Tim Hightower 2017
204.6,Chris Carson 2017
216.2,Devontae Booker 2017
200.4,Brian Hoyer 2017
203.9,Jesse James 2017
215.0,Dwayne Allen 2017
208.7,Matt Prater 2017
220.1,Vance McDonald 2017
216.2,Benjamin Watson 2017
216.7,Paul Richardson 2017
206.2,Philadelphia Eagles
209.0,Cincinnati Bengals
212.5,Tyler Boyd 2017
200.9,Baltimore Ravens
202.0,Pittsburgh Steelers
207.9,Cairo Santos 2017
209.1,Steven Hauschka 2017
220.1,Dustin Hopkins 2017
214.7,Deshaun Watson 2017
220.7,DeAngelo Henderson 2017
210.5,Trevor Siemian 2017
217.5,Kyle Juszczyk 2017
232.8,James Conner 2017
220.9,Jeremy Kerley 2017
217.0,ArDarius Stewart 2017
224.3,Marquise Goodwin 2017
226.7,Eli Rogers 2017
223.5,Curtis Samuel 2017
225.0,Chris Boswell 2017
213.7,Jaron Brown 2017
214.6,Jared Goff 2017
216.6,Will Lutz 2017
219.3,Brandon LaFell 2017
216.6,Sebastian Janikowski 2017
224.7,Tyler Higbee 2017
227.0,Terrance Williams 2017
227.9,Jermaine Gresham 2017
223.8,Braxton Miller 2017
235.3,Chris Ivory 2017
229.7,Laquon Treadwell 2017
228.2,Tarik Cohen 2017
224.6,Atlanta Falcons
224.9,Graham Gano 2017
220.4,Tampa Bay 2017
237.2,Orleans Darkwa 2017
235.2,Travis Benjamin 2017
231.7,Buffalo Bills
220.2,Oakland Raiders
229.2,Alfred Morris 2017
220.2,Brandon McManus 2017
235.0,Matt Breida 2017
225.1,Ryan Mathews 2017
246.1,Aaron Jones 2017
222.1,Tennessee Titans
237.6,Michael Floyd 2017
242.8,JuJu SmithSchuster 2017
232.1,Jeremy McNichols 2017
224.8,Dion Sims 2017
237.7,Tom Savage 2017
227.0,DeShone Kizer 2017
220.9,Green Bay 2017
214.3,Chandler Catanzaro 2017
230.0,Mike Glennon 2017
227.3,Will Tye 2017
240.8,Zach Zenner 2017
227.1,Mitch Trubisky 2017
229.9,Maxx Williams 2017
240.3,Miami Dolphins
245.3,Erik Swoope 2017
225.0,Mychal Rivera 2017
233.1,Seth Roberts 2017
224.5,Adam Humphries 2017
227.4,Gerald Everett 2017
256.8,Javorius Allen 2017
233.1,Markus Wheaton 2017
214.7,Indianapolis Colts
240.5,Vernon Davis 2017
245.8,Victor Cruz 2017
239.1,Chris Godwin 2017
253.0,Wayne Gallman 2017
256.4,Taywan Taylor 2017
236.7,Jaelen Strong 2017
249.8,Branden Oliver 2017
236.5,Blair Walsh 2017
226.6,Caleb Sturgis 2017
253.7,Jeremy Langford 2017
223.0,Nick Novak 2017
224.0,Roberto Aguayo 2017
232.9,Mike Nugent 2017
237.5,Charone Peake 2017
236.5,Jermaine Kearse 2017
234.3,AJ Derby 2017
214.8,Gary Barnidge 2017
221.3,Jimmy Garoppolo 2017
240.3,Kenyan Drake 2017
219.8,Chicago Bears
226.5,Nick Folk 2017
247.6,Brandon Coleman 2017
224.8,Washington Redskins
218.0,Jonnu Smith 2017
236.1,Phil Dawson 2017
238.0,Josh Lambo 2017
226.0,Dede Westbrook 2017
241.8,Chad Williams 2017
239.9,Ladarius Green 2017
241.8,Josh McCown 2017
237.4,Jordan Leggett 2017
246.0,Alfred Blue 2017
218.5,Trey Burton 2017
252.0,Tajae Sharpe 2017
257.4,Andre Ellington 2017
282.7,Kasen Williams 2017
229.5,Virgil Green 2017
235.8,Seth DeValve 2017
265.0,Lance Dunbar 2017
227.3,Nick Boyle 2017
265.3,Benny Cunningham 2017
270.0,Matt Jones 2017
233.0,Deonte Thompson 2017
245.0,Phillip Dorsett 2017
243.0,Chris Johnson 2017
252.4,George Kittle 2017
239.0,Paxton Lynch 2017
249.9,Brian Quick 2017
259.3,Aldrick Robinson 2017
293.5,Kenneth Farrow 2017
226.0,Brock Osweiler 2017
233.2,Rashard Higgins 2017
235.1,Dallas Cowboys
217.0,Larry Donnell 2017
232.0,Xavier Grimble 2017
245.2,Albert Wilson 2017
223.2,Carlos Henderson 2017
230.5,Luke Willson 2017
233.5,Jalin Marshall 2017
235.5,Ryan Switzer 2017
237.3,Malcolm Brown 2017
239.5,Cody Kessler 2017
239.5,Aldrick Rosas 2017
240.0,Robbie Gould 2017
240.3,Ryan Succop 2017
240.5,Garrett Celek 2017
241.0,Josh Gordon 2017
241.3,Detroit Lions
241.3,Dontrelle Inman 2017
244.5,Jason Myers 2017
244.7,Clive Walford 2017
244.8,Josh Hill 2017
246.5,New Orleans 2017
247.5,Cleveland Browns
248.1,Lance Kendricks 2017
250.0,Ronnie Hillman 2017
250.3,Andre Holmes 2017
250.8,Ryan Griffin 2017
250.8,Damien Williams 2017
251.4,CJ Spiller 2017
252.1,Kamar Aiken 2017
252.3,Adam Shaheen 2017
252.5,Mike Tolbert 2017
253.0,Dorial GreenBeckham 2017
253.2,Leonte Carroo 2017
259.7,Pharoh Cooper 2017
260.5,Travaris Cadet 2017
261.3,Elijah Hood 2017
261.5,Dwayne Washington 2017
262.7,Donnel Pumphrey 2017
262.7,Rico Gathers 2017
262.8,Chester Rogers 2017
264.5,Matt Moore 2017
265.0,Cordarrelle Patterson 2017
269.5,Corey Clement 2017
271.8,DeAngelo Williams 2017
272.2,Geronimo Allison 2017
273.3,Elijah McGuire 2017
275.0,CJ Uzomah 2017
277.0,Rashad Jennings 2017
282.5,Brian Hill 2017
283.0,Wendall Williams 2017
293.5,Niles Paul 2017
299.7,Cameron ArtisPayne 2017
302.7,Kerwynn Williams 2017
308.0,Jeff Janis 2017
309.0,Fitzgerald Toussaint 2017
316.0,Sammie Coates 2017
316.0,Shaun Draughn 2017
330.5,Justin Hunter 2017
335.0,Josh Reynolds 2017
335.5,Matt Asiata 2017
1.2,Antonio Brown 2016
2.4,Julio Jones 2016
4.1,Odell Beckham 2016
5.0,David Johnson 2016
7.3,Todd Gurley 2016
7.5,AJ Green 2016
8.5,DeAndre Hopkins 2016
10.3,Rob Gronkowski 2016
11.1,Ezekiel Elliott 2016
11.2,Lamar Miller 2016
12.2,Allen Robinson 2016
12.2,Adrian Peterson 2016
14.9,Keenan Allen 2016
15.7,Dez Bryant 2016
17.1,Brandon Marshall 2016
18.5,LeVeon Bell 2016
18.8,Mike Evans 2016
18.8,Devonta Freeman 2016
20.3,Jordy Nelson 2016
20.7,Alshon Jeffery 2016
22.1,Mark Ingram 2016
22.8,Brandin Cooks 2016
24.8,Amari Cooper 2016
25.5,LeSean McCoy 2016
26.8,Jamaal Charles 2016
29.1,Eddie Lacy 2016
29.4,Jarvis Landry 2016
29.6,TY Hilton 2016
29.9,Doug Martin 2016
30.5,Sammy Watkins 2016
30.5,Demaryius Thomas 2016
33.7,CJ Anderson 2016
35.8,Randall Cobb 2016
37.4,Julian Edelman 2016
37.9,Jeremy Maclin 2016
38.1,Cam Newton 2016
38.1,Jordan Reed 2016
40.6,Golden Tate 2016
39.6,Aaron Rodgers 2016
43.5,Latavius Murray 2016
43.6,Carlos Hyde 2016
44.4,Eric Decker 2016
44.7,Matt Forte 2016
47.0,Donte Moncrief 2016
48.0,Greg Olsen 2016
49.8,Danny Woodhead 2016
51.8,Doug Baldwin 2016
49.8,Russell Wilson 2016
52.8,DeMarco Murray 2016
55.2,Larry Fitzgerald 2016
googletag.cmd.push(function() { googletag.display('div-gpt-ad-1404326895972-0'); });,googletagcmdpushfunction  2016
55.5,Giovani Bernard 2016
56.2,Thomas Rawls 2016
54.2,Andrew Luck 2016
56.4,Jordan Matthews 2016
58.2,Michael Floyd 2016
58.6,Travis Kelce 2016
59.0,Kelvin Benjamin 2016
59.0,Duke Johnson 2016
60.8,Jeremy Hill 2016
58.9,Drew Brees 2016
61.0,Delanie Walker 2016
62.7,Jeremy Langford 2016
63.8,Ryan Mathews 2016
65.2,Emmanuel Sanders 2016
65.6,Marvin Jones 2016
69.0,Jonathan Stewart 2016
70.7,Melvin Gordon 2016
70.7,Frank Gore 2016
71.4,Michael Crabtree 2016
72.3,Coby Fleener 2016
72.5,John Brown 2016
75.7,Tyler Lockett 2016
74.6,Ben Roethlisberger 2016
76.8,Arian Foster 2016
77.8,Allen Hurns 2016
76.6,Carson Palmer 2016
82.8,Ameer Abdullah 2016
83.3,Rashad Jennings 2016
82.5,Matt Jones 2016
84.5,Charles Sims 2016
84.6,DeSean Jackson 2016
87.2,Gary Barnidge 2016
85.8,Eli Manning 2016
88.4,Zach Ertz 2016
86.1,Josh Gordon 2016
91.8,TJ Yeldon 2016
89.5,Theo Riddick 2016
91.3,Devante Parker 2016
91.7,Blake Bortles 2016
93.8,Philip Rivers 2016
95.6,Willie Snead 2016
94.5,Julius Thomas 2016
96.4,Antonio Gates 2016
95.0,Sterling Shepard 2016
97.5,Chris Ivory 2016
97.5,Kevin White 2016
98.3,Tom Brady 2016
98.2,Corey Coleman 2016
102.9,Stefon Diggs 2016
105.2,Bilal Powell 2016
108.2,DeAngelo Williams 2016
110.8,Vincent Jackson 2016
111.4,Tavon Austin 2016
111.9,Tyler Eifert 2016
112.0,Justin Forsett 2016
114.5,Dwayne Allen 2016
114.2,Travis Benjamin 2016
114.5,Tyrod Taylor 2016
114.9,Derrick Henry 2016
116.2,Isaiah Crowell 2016
116.8,Kamar Aiken 2016
116.5,Martellus Bennett 2016
119.3,Jay Ajayi 2016
118.1,Derek Carr 2016
119.4,Kirk Cousins 2016
119.1,Torrey Smith 2016
116.1,James White 2016
121.9,Matthew Stafford 2016
124.5,Jason Witten 2016
122.6,Devin Funchess 2016
124.4,Markus Wheaton 2016
125.1,Jameis Winston 2016
125.2,Tevin Coleman 2016
125.3,LeGarrette Blount 2016
129.1,Andy Dalton 2016
130.1,Mohamed Sanu 2016
128.0,Eric Ebron 2016
127.6,Darren Sproles 2016
126.7,Steve Smith 2016
129.6,Shane Vereen 2016
135.5,Phillip Dorsett 2016
132.8,Michael Thomas 2016
131.4,Rishard Matthews 2016
137.4,Marcus Mariota 2016
138.2,Zach Miller 2016
141.3,Jimmy Graham 2016
143.7,Jerick McKinnon 2016
143.8,DeAndre Washington 2016
145.3,Matt Ryan 2016
140.8,Christine Michael 2016
136.6,Tajae Sharpe 2016
144.8,Mike Wallace 2016
146.1,Tyler Boyd 2016
146.9,Ryan Tannehill 2016
150.9,Charles Clay 2016
147.1,Pierre Garcon 2016
146.4,Spencer Ware 2016
152.3,Jared Cook 2016
147.4,Chris Thompson 2016
150.8,Dion Lewis 2016
149.6,CJ Prosise 2016
153.4,James Starks 2016
149.4,Laquon Treadwell 2016
152.9,Ryan Fitzpatrick 2016
152.8,Javorius Allen 2016
154.3,Devontae Booker 2016
157.2,Clive Walford 2016
153.6,Kenneth Dixon 2016
156.0,Chris Hogan 2016
159.2,Will Fuller 2016
157.3,Anquan Boldin 2016
162.2,Sammie Coates 2016
158.7,Vance McDonald 2016
162.6,Dorial GreenBeckham 2016
161.2,Kendall Wright 2016
167.0,Terrance Williams 2016
168.9,Austin SeferianJenkins 2016
169.4,Jordan Cameron 2016
166.5,Shaun Draughn 2016
172.8,Kyle Rudolph 2016
162.8,Ladarius Green 2016
172.3,Josh Doctson 2016
173.2,Joe Flacco 2016
175.2,Jay Cutler 2016
171.3,Jordan Howard 2016
175.5,Chris Johnson 2016
172.6,Terrance West 2016
152.9,Tony Romo 2016
172.7,Virgil Green 2016
176.0,Will Tye 2016
162.0,Kenny Stills 2016
177.5,Los Angeles 2016
175.8,Darren McFadden 2016
176.3,Tim Hightower 2016
179.2,Ted Ginn 2016
158.6,Bruce Ellington 2016
179.4,Nelson Agholor 2016
178.0,CJ Spiller 2016
178.3,Jamison Crowder 2016
176.9,Robert Woods 2016
182.8,Alex Smith 2016
177.3,Breshad Perriman 2016
181.8,Robert Griffin 2016
180.7,Alfred Morris 2016
182.8,Kansas City 2016
184.7,Davante Adams 2016
183.7,New England 2016
183.6,Brandon LaFell 2016
183.8,Charcandrick West 2016
182.3,Dak Prescott 2016
189.3,Paul Perkins 2016
183.2,Jesse James 2016
177.0,Eli Rogers 2016
188.6,Jermaine Kearse 2016
190.7,Wendell Smallwood 2016
179.7,Benny Cunningham 2016
191.9,Brock Osweiler 2016
187.8,New York 2016
192.5,Jaelen Strong 2016
190.8,Andre Ellington 2016
193.2,Kenny Britt 2016
171.7,Reggie Bush 2016
186.4,Terrelle Pryor 2016
186.2,Karlos Williams 2016
198.9,Cameron ArtisPayne 2016
193.5,Chris Conley 2016
191.7,Ronnie Hillman 2016
209.0,Stephen Gostkowski 2016
195.4,Cameron Brate 2016
194.6,Mike Gillislee 2016
200.5,Josh Ferguson 2016
192.4,Robert Kelley 2016
184.3,Tyler Higbee 2016
196.2,Lance Dunbar 2016
198.2,Danny Amendola 2016
201.3,Richard Rodgers 2016
186.5,Kenjon Barner 2016
208.2,Eddie Royal 2016
206.1,Victor Cruz 2016
209.0,Green Bay 2016
191.7,Rueben Randle 2016
202.0,Kenyan Drake 2016
201.0,Seth Roberts 2016
199.6,Charles Johnson 2016
204.8,Jacob Tamme 2016
203.1,Tyler Ervin 2016
199.7,Austin Hooper 2016
208.8,Cole Beasley 2016
198.2,Keith Marshall 2016
209.5,Robert Turbin 2016
202.7,Braxton Miller 2016
206.7,Maxx Williams 2016
204.9,Andre Johnson 2016
197.5,Malcolm Mitchell 2016
211.5,KaDeem Carey 2016
198.2,Quinton Patton 2016
201.9,Darrius HeywardBey 2016
164.3,Mike Thomas 2016
200.5,Tyrell Williams 2016
210.6,Justin Hardy 2016
213.0,Khiry Robinson 2016
183.8,Jonathan Williams 2016
217.3,Brandon Coleman 2016
197.3,Tyler Gaffney 2016
212.4,Pharoh Cooper 2016
216.4,Zach Zenner 2016
216.7,Steven Hauschka 2016
216.7,Larry Donnell 2016
210.0,Crockett Gillmore 2016
188.3,Marqise Lee 2016
182.3,Dontrelle Inman 2016
203.4,Jacquizz Rodgers 2016
213.3,Lance Kendricks 2016
209.0,TJ Jones 2016
219.7,Dan Bailey 2016
219.0,Justin Tucker 2016
208.5,Adam Humphries 2016
213.2,Niles Paul 2016
218.0,Alfred Blue 2016
222.3,Mason Crosby 2016
223.0,Adam Vinatieri 2016
208.3,Dexter McCluster 2016
208.8,DeAndre Smelter 2016
221.0,David Cobb 2016
221.3,Chandler Catanzaro 2016
237.5,Chris Boswell 2016
225.0,Blair Walsh 2016
241.0,Matt Prater 2016
221.5,Jace Amaro 2016
229.3,Ty Montgomery 2016
215.2,Quincy Enunwa 2016
212.4,Sam Bradford 2016
213.5,Josh Hill 2016
216.0,Mychal Rivera 2016
211.3,Hunter Henry 2016
204.3,Rashard Higgins 2016
218.4,Jeff Janis 2016
198.0,Jeremy Kerley 2016
193.3,Dennis Pitta 2016
214.4,Jared Abbrederis 2016
224.7,Antonio Andrews 2016
223.5,Brian Quick 2016
212.8,Leonte Carroo 2016
221.1,Nate Washington 2016
193.0,Kyle Juszczyk 2016
223.0,Brent Celek 2016
238.3,Andre Williams 2016
257.5,Roberto Aguayo 2016
254.5,Josh Brown 2016
240.6,Albert Wilson 2016
240.0,Jeff Heuerman 2016
198.0,Marcel Reece 2016
260.3,Brandon McManus 2016
225.8,Denard Robinson 2016
203.5,Jarius Wright 2016
248.0,Cairo Santos 2016
225.7,Vernon Davis 2016
217.5,James Jones 2016
232.9,Blaine Gabbert 2016
234.0,Andrew Hawkins 2016
218.3,Mike Tolbert 2016
216.0,Jimmy Garoppolo 2016
226.5,Philly Brown 2016
217.5,Mark Sanchez 2016
217.5,Jared Goff 2016
230.7,JJ Nelson 2016
234.0,Devin Smith 2016
231.0,Ryan Griffin 2016
221.0,Josh McCown 2016
221.0,Case Keenum 2016
226.3,Garrett Celek 2016
233.7,Paul Richardson 2016
244.0,Darren Fells 2016
228.5,Cecil Shorts 2016
263.0,Graham Gano 2016
246.5,Shaun Hill 2016
247.7,Jalen Richard 2016
239.6,Trevor Siemian 2016
233.0,Alex Collins 2016
235.0,Tre Mason 2016
239.5,Cordarrelle Patterson 2016
249.0,Rashad Greene 2016
264.5,New Orleans 2016
254.5,Owen Daniels 2016
266.0,San Francisco 2016
270.5,Tampa Bay 2016
290.5,Robbie Gould 2016
307.0,Matt Bryant 2016
308.0,Nick Novak 2016
2.6,LeVeon Bell 2015
4.2,Adrian Peterson 2015
4.3,Jamaal Charles 2015
4.3,Antonio Brown 2015
6.5,Eddie Lacy 2015
7.6,Julio Jones 2015
8.9,Demaryius Thomas 2015
9.1,Rob Gronkowski 2015
10.2,Dez Bryant 2015
10.9,Odell Beckham 2015
11.7,Matt Forte 2015
13.2,Marshawn Lynch 2015
13.2,CJ Anderson 2015
14.3,Calvin Johnson 2015
14.4,AJ Green 2015
15.6,Randall Cobb 2015
18.2,Justin Forsett 2015
19.5,Jeremy Hill 2015
19.9,DeMarco Murray 2015
21.5,Alshon Jeffery 2015
22.7,Mike Evans 2015
23.1,LeSean McCoy 2015
25.3,TY Hilton 2015
25.8,DeAndre Hopkins 2015
26.7,Lamar Miller 2015
26.8,Brandin Cooks 2015
28.0,Andrew Luck 2015
29.8,Aaron Rodgers 2015
29.9,Frank Gore 2015
32.5,Jordan Matthews 2015
35.4,Emmanuel Sanders 2015
35.7,Mark Ingram 2015
38.1,Julian Edelman 2015
38.3,CJ Spiller 2015
38.6,Andre Ellington 2015
39.7,Andre Johnson 2015
42.1,Keenan Allen 2015
42.7,Latavius Murray 2015
43.4,Alfred Morris 2015
43.6,Jonathan Stewart 2015
44.8,Melvin Gordon 2015
45.2,Jimmy Graham 2015
46.7,Amari Cooper 2015
48.0,Golden Tate 2015
48.1,Brandon Marshall 2015
51.4,Greg Olsen 2015
52.7,Allen Robinson 2015
52.7,Russell Wilson 2015
49.1,Ameer Abdullah 2015
53.1,Jarvis Landry 2015
googletag.cmd.push(function() { googletag.display('div-gpt-ad-1404326895972-0'); });,googletagcmdpushfunction  2015
53.7,Carlos Hyde 2015
54.2,Jeremy Maclin 2015
54.2,TJ Yeldon 2015
54.3,Travis Kelce 2015
55.3,Peyton Manning 2015
58.0,Davante Adams 2015
57.4,Drew Brees 2015
61.5,Sammy Watkins 2015
62.4,Giovani Bernard 2015
63.3,Joseph Randle 2015
60.9,Ben Roethlisberger 2015
67.7,Vincent Jackson 2015
68.5,Martellus Bennett 2015
69.2,DeSean Jackson 2015
69.6,Larry Fitzgerald 2015
70.5,Todd Gurley 2015
71.6,Doug Martin 2015
69.9,Matt Ryan 2015
73.1,Roddy White 2015
75.0,Steve Smith 2015
75.6,Eric Decker 2015
73.3,Christopher Ivory 2015
74.6,Anquan Boldin 2015
75.7,Tony Romo 2015
76.8,Shane Vereen 2015
77.9,LeGarrette Blount 2015
85.2,Rashad Jennings 2015
84.2,Charles Johnson 2015
87.3,Joique Bell 2015
84.6,Nelson Agholor 2015
87.6,John Brown 2015
87.8,Mike Wallace 2015
88.8,Jason Witten 2015
88.9,Cam Newton 2015
89.0,Kendall Wright 2015
92.1,Devonta Freeman 2015
92.5,Pierre Garcon 2015
89.9,Jordan Cameron 2015
90.2,Eli Manning 2015
90.8,Delanie Walker 2015
85.4,Arian Foster 2015
88.4,Ryan Tannehill 2015
94.6,Tevin Coleman 2015
95.2,Marques Colston 2015
90.3,Danny Woodhead 2015
98.5,Torrey Smith 2015
98.9,Matthew Stafford 2015
101.2,Brandon LaFell 2015
102.1,Isaiah Crowell 2015
98.4,Devin Funchess 2015
105.2,Julius Thomas 2015
106.5,Zach Ertz 2015
107.6,Tom Brady 2015
108.0,Philip Rivers 2015
108.4,Reggie Bush 2015
105.9,Duke Johnson 2015
106.8,Tyler Eifert 2015
104.6,Eddie Royal 2015
105.8,Martavis Bryant 2015
112.1,Bishop Sankey 2015
112.6,Victor Cruz 2015
115.6,Kyle Rudolph 2015
113.3,Michael Floyd 2015
116.2,Ryan Mathews 2015
116.3,Brian Quick 2015
121.7,Tre Mason 2015
122.9,Roy Helu 2015
125.0,Heath Miller 2015
123.2,Larry Donnell 2015
123.5,Austin SeferianJenkins 2015
118.7,Sam Bradford 2015
127.9,Dwayne Allen 2015
120.9,Steve Johnson 2015
125.2,Owen Daniels 2015
114.2,Markus Wheaton 2015
131.0,Antonio Gates 2015
129.4,David Johnson 2015
123.6,Charles Sims 2015
128.0,Seattle Seahawks 2015
128.6,Darren McFadden 2015
133.7,David Cobb 2015
127.8,Breshad Perriman 2015
137.6,Colin Kaepernick 2015
130.9,Alfred Blue 2015
129.1,Rueben Randle 2015
133.3,Jordan Reed 2015
128.4,Darren Sproles 2015
139.7,Teddy Bridgewater 2015
136.7,Charles Clay 2015
138.9,Buffalo Bills 2015
135.6,Michael Crabtree 2015
141.6,St Louis 2015
133.9,Devante Parker 2015
142.1,Houston Texans 2015
137.3,Kenny Stills 2015
140.6,Vernon Davis 2015
140.2,Josh Hill 2015
140.3,Terrance Williams 2015
148.4,Joe Flacco 2015
148.4,Carson Palmer 2015
148.6,Marvin Jones 2015
149.2,Knile Davis 2015
149.7,Coby Fleener 2015
148.0,Dwayne Bowe 2015
160.7,Andre Williams 2015
150.2,Doug Baldwin 2015
153.9,Ladarius Green 2015
152.2,Matt Jones 2015
149.1,Eric Ebron 2015
156.0,Jerick McKinnon 2015
159.3,Arizona Cardinals 2015
151.2,Percy Harvin 2015
155.6,Jay Cutler 2015
153.0,Fred Jackson 2015
161.8,Andy Dalton 2015
155.7,Richard Rodgers 2015
160.3,Jared Cook 2015
162.6,Denver Broncos 2015
165.2,Denard Robinson 2015
157.0,Lance Dunbar 2015
168.1,New England 2015
164.8,Cody Latimer 2015
169.1,Terrance West 2015
153.6,Ronnie Hillman 2015
174.7,Jay Ajayi 2015
168.2,James White 2015
165.0,Brandon Coleman 2015
179.1,Cecil Shorts 2015
172.4,Carolina Panthers 2015
167.0,Allen Hurns 2015
168.9,Jace Amaro 2015
175.5,Dorial GreenBeckham 2015
161.6,Malcom Floyd 2015
170.7,Kenny Britt 2015
171.9,Phillip Dorsett 2015
171.4,Daniel Herron 2015
166.7,Jeff Janis 2015
169.9,Javorius Allen 2015
170.7,Jameis Winston 2015
174.0,Miami Dolphins 2015
180.3,Jonas Gray 2015
171.3,Khiry Robinson 2015
182.7,Chris Polk 2015
172.9,Benjamin Watson 2015
178.8,Kevin White 2015
172.3,Marcus Mariota 2015
181.4,Theo Riddick 2015
178.6,Montee Ball 2015
171.3,New York 2015
188.6,Mychal Rivera 2015
175.7,Alex Smith 2015
182.6,Andrew Hawkins 2015
182.7,Green Bay 2015
188.1,DeAngelo Williams 2015
192.8,Robert Griffin 2015
186.3,Cameron ArtisPayne 2015
174.3,Baltimore Ravens 2015
180.5,Ty Montgomery 2015
178.1,Derek Carr 2015
188.1,Lorenzo Taliaferro 2015
189.2,Maxx Williams 2015
184.0,Stedman Bailey 2015
187.9,Donte Moncrief 2015
177.5,Cincinnati Bengals 2015
190.3,Marqise Lee 2015
183.7,James Starks 2015
185.5,Cole Beasley 2015
185.4,Blake Bortles 2015
190.9,Marquess Wilson 2015
175.9,Leonard Hankerson 2015
203.4,Danny Amendola 2015
178.8,Kansas City 2015
204.1,Bilal Powell 2015
195.8,Brian Hartline 2015
194.3,Jerricho Cotchery 2015
208.6,Rob Housler 2015
204.2,Stevan Ridley 2015
208.3,Damien Williams 2015
207.9,Karlos Williams 2015
198.6,Jacob Tamme 2015
197.3,Greg Jennings 2015
191.7,Virgil Green 2015
191.4,Nick Foles 2015
216.0,Jaelen Strong 2015
175.8,Detroit Lions 2015
224.6,Ryan Fitzpatrick 2015
208.4,Philly Brown 2015
210.0,Chris Johnson 2015
187.7,Philadelphia Eagles 2015
201.4,Kamar Aiken 2015
203.2,San Francisco 2015
223.7,Branden Oliver 2015
217.5,Mohamed Sanu 2015
214.4,Tyler Lockett 2015
178.5,Stephen Gostkowski 2015
178.8,Adam Vinatieri 2015
219.6,Antone Smith 2015
215.2,Josh Huff 2015
233.0,Justin Hunter 2015
204.8,Indianapolis Colts 2015
182.8,Dan Bailey 2015
223.3,Benny Cunningham 2015
193.3,Minnesota Vikings 2015
228.6,Nick Toon 2015
225.1,Reggie Wayne 2015
183.8,Justin Tucker 2015
184.5,Cody Parkey 2015
184.5,Steven Hauschka 2015
200.2,Cleveland Browns 2015
270.7,Trent Richardson 2015
185.3,Mason Crosby 2015
290.3,Geno Smith 2015
228.3,Harry Douglas 2015
280.5,Matt Cassel 2015
264.0,Kirk Cousins 2015
258.2,Josh McCown 2015
203.0,Robert Woods 2015
308.0,Mark Sanchez 2015
286.0,EJ Manuel 2015
230.8,Dexter McCluster 2015
260.3,DeAnthony Thomas 2015
196.0,Connor Barth 2015
235.2,Jonathan Grimes 2015
191.8,Matt Bryant 2015
262.0,Brian Hoyer 2015
227.4,Albert Wilson 2015
216.7,Tennessee Titans 2015
190.0,Dallas Cowboys 2015
247.3,Marcedes Lewis 2015
200.3,Blair Walsh 2015
206.7,Tampa Bay 2015
215.5,Jacquizz Rodgers 2015
237.3,Rod Streater 2015
279.0,Bernard Pierce 2015
222.7,Jeremy Langford 2015
235.6,Nate Washington 2015
253.8,Brandon Bolden 2015
236.0,Darren Fells 2015
215.7,Chicago Bears 2015
207.3,Clive Walford 2015
258.5,Dennis Pitta 2015
210.7,Taylor Gabriel 2015
234.5,Jacksonville Jaguars 2015
225.0,Garrett Graham 2015
188.0,New Orleans 2015
238.3,Travaris Cadet 2015
248.2,Toby Gerhart 2015
231.0,Pierre Thomas 2015
262.0,Jeremy Kerley 2015
334.3,Aaron Dobson 2015
237.5,Dustin Hopkins 2015
216.3,Pittsburgh Steelers 2015
243.6,Jarius Wright 2015
243.7,Scott Chandler 2015
240.8,Jermaine Kearse 2015
226.7,San Diego 2015
242.0,Juwan Thompson 2015
222.3,Brent Celek 2015
217.3,Josh Robinson 2015
253.8,Cordarrelle Patterson 2015
228.7,Atlanta Falcons 2015
290.3,Devin Smith 2015
261.4,Hakeem Nicks 2015
203.0,Washington Redskins 2015
213.0,Oakland Raiders 2015
265.0,Zac Stacy 2015
269.8,Riley Cooper 2015
259.0,Tavon Austin 2015
248.3,Lance Kendricks 2015
239.7,Garrett Hartley 2015
261.0,Chris Conley 2015
242.5,Caleb Sturgis 2015
224.3,Josh Brown 2015
227.3,Matt Prater 2015
243.0,Chandler Catanzaro 2015
234.3,Nick Novak 2015
215.5,Robbie Gould 2015
303.0,Tim Wright 2015
245.8,Phil Dawson 2015
252.0,Dan Carpenter 2015
259.8,Andre Roberts 2015
238.3,Graham Gano 2015
258.0,Randy Bullock 2015
245.3,Cairo Santos 2015
271.3,Andre Holmes 2015
252.0,Mike Nugent 2015
257.3,Greg Zuerlein 2015
282.0,Tyrod Taylor 2015
223.5,Sebastian Janikowski 2015
255.3,Andrew Quarless 2015
273.5,Jeff Cumberland 2015
235.0,Nick Folk 2015
224.5,Kai Forbath 2015
257.7,Jermaine Gresham 2015
243.5,Josh Scobee 2015
242.5,Ryan Succop 2015
275.0,Matt Asiata 2015
287.0,Christine Michael 2015
263.0,Robert Turbin 2015
280.0,Dion Sims 2015
341.0,Ted Ginn 2015
301.0,Gary Barnidge 2015
280.0,Gavin Escobar 2015
265.8,Crockett Gillmore 2015
351.0,Johnny Manziel 2015
296.0,Daniel Fells 2015
297.5,Ed Dickson 2015
281.5,Dri Archer 2015
346.3,Sammie Coates 2015
300.0,Bobby Rainey 2015
373.0,Jimmy Garoppolo 2015
333.0,Jaron Brown 2015
354.0,Bruce Ellington 2015
356.0,Ryan Grant 2015
284.0,Levine Toilolo 2015
313.7,Mike Tolbert 2015
343.0,Ryan Mallett 2015
333.5,Charcandrick West 2015
356.0,Louis Murphy 2015
331.0,Rhett Ellison 2015
321.0,KaDeem Carey 2015
300.0,Justin Hardy 2015
295.0,Luke Willson 2015
334.5,CJ Fiedorowicz 2015
359.5,Jamison Crowder 2015
328.5,Darrel Young 2015
321.0,Marcel Reece 2015
323.5,Tyler Kroft 2015
299.5,Chris Matthews 2015
337.0,Joseph Fauria 2015
337.0,Dante Rosario 2015
331.5,Troy Niklas 2015
361.0,Corey Fuller 2015
349.5,Devin Hester 2015
323.0,Jack Doyle 2015
338.5,Kendall Hunter 2015
338.5,Michael Campanaro 2015
366.5,Miles Austin 2015
318.0,Ryan Griffin 2015
334.5,Clay Harbor 2015
371.0,Fozzy Whittaker 2015
331.5,John Kuhn 2015
319.5,Vance McDonald 2015
336.0,Matt Spaeth 2015
343.0,Jesse James 2015
329.0,Brandon Myers 2015
362.5,Jordan Todman 2015
361.0,Kerwynn Williams 2015
338.0,Quinton Patton 2015
347.5,Cooper Helfet 2015
360.5,Cedric Peerman 2015
347.0,Brandon Pettigrew 2015
367.5,Devin Street 2015
382.5,Chris Hogan 2015
380.5,Andre Caldwell 2015
359.5,Anthony Dixon 2015
401.5,Jimmy Clausen 2015
354.0,Tony Moeaki 2015
365.5,Donald Brown 2015
378.5,Joseph Morgan 2015
360.5,James Hanna 2015
380.0,Craig Stevens 2015
362.5,Kyle Juszczyk 2015
396.5,Rishard Matthews 2015
365.0,Patrick DiMarco 2015
362.0,MarQueis Gray 2015
381.0,Robert Hughes 2015
380.0,Vick Ballard 2015
373.0,Chris Thompson 2015
386.0,Storm Johnson 2015
378.5,Jeremy Ross 2015
389.5,Marlon Brown 2015
396.5,Travis Benjamin 2015
368.5,Zurlon Tipton 2015
374.5,Demetrius Harris 2015
372.0,Adrien Robinson 2015
377.0,Ryan Williams 2015
391.5,Dwayne Harris 2015
384.5,Anthony Fasano 2015
389.5,Brandon Williams 2015
404.0,Anthony Sherman 2015
416.5,Jared Abbrederis 2015
407.5,Will Johnson 2015
419.0,Jacoby Jones 2015
427.0,Marquise Goodwin 2015
411.0,Jarrett Boykin 2015
411.5,Tommy Bohanon 2015
439.5,Kenny Bell 2015
428.5,Denarius Moore 2015
441.5,Austin Davis 2015
432.0,Junior Hemingway 2015
435.5,Duron Carter 2015
434.5,JJ Nelson 2015
432.0,Chris Givens 2015
446.0,Drew Stanton 2015
450.0,Chad Henne 2015
437.5,Darrius HeywardBey 2015
458.5,Brock Osweiler 2015
439.5,Ricardo Lockette 2015
448.0,Ryan Broyles 2015
446.0,Robert Herron 2015
449.5,Jordan Norwood 2015
449.0,Jason Avant 2015
2.4,LeSean McCoy 2014
2.5,Jamaal Charles 2014
3.9,Matt Forte 2014
4.3,Calvin Johnson 2014
4.5,Adrian Peterson 2014
6.7,Jimmy Graham 2014
7.0,Demaryius Thomas 2014
8.3,Dez Bryant 2014
9.8,Eddie Lacy 2014
12.3,DeMarco Murray 2014
12.9,Montee Ball 2014
13.2,AJ Green 2014
14.5,Julio Jones 2014
15.1,Giovani Bernard 2014
15.2,Brandon Marshall 2014
17.0,Marshawn Lynch 2014
18.3,Andre Ellington 2014
18.4,Antonio Brown 2014
19.4,Jordy Nelson 2014
22.4,Doug Martin 2014
24.3,LeVeon Bell 2014
24.4,Alshon Jeffery 2014
25.4,Arian Foster 2014
27.1,Zac Stacy 2014
27.2,Randall Cobb 2014
27.8,Reggie Bush 2014
31.8,Rob Gronkowski 2014
31.9,Peyton Manning 2014
32.2,Andre Johnson 2014
33.6,Pierre Garcon 2014
34.0,Keenan Allen 2014
34.6,Vincent Jackson 2014
34.7,Julius Thomas 2014
36.2,Roddy White 2014
36.2,Aaron Rodgers 2014
36.3,Drew Brees 2014
37.3,Victor Cruz 2014
37.6,Shane Vereen 2014
38.8,Ryan Mathews 2014
39.5,Alfred Morris 2014
41.5,Larry Fitzgerald 2014
41.6,Rashad Jennings 2014
42.7,CJ Spiller 2014
44.2,Michael Crabtree 2014
46.8,Toby Gerhart 2014
47.4,Joique Bell 2014
48.0,Michael Floyd 2014
50.7,Cordarrelle Patterson 2014
53.1,Ben Tate 2014
53.7,Torrey Smith 2014
googletag.cmd.push(function() { googletag.display('div-gpt-ad-1404326895972-0'); });,googletagcmdpushfunction  2014
55.4,Matthew Stafford 2014
56.7,Kendall Wright 2014
56.8,Pierre Thomas 2014
56.9,Ray Rice 2014
58.3,Percy Harvin 2014
58.9,Chris Johnson 2014
59.7,Julian Edelman 2014
62.8,Jordan Cameron 2014
64.0,Mike Wallace 2014
64.4,Andrew Luck 2014
65.0,DeSean Jackson 2014
65.6,Frank Gore 2014
65.9,Marques Colston 2014
66.1,Ty Hilton 2014
67.5,Eric Decker 2014
68.7,Wes Welker 2014
71.8,Fred Jackson 2014
75.3,Emmanuel Sanders 2014
75.6,Matt Ryan 2014
75.7,Nick Foles 2014
76.6,Danny Woodhead 2014
76.9,Jason Witten 2014
77.1,Reggie Wayne 2014
77.2,Tom Brady 2014
77.3,Maurice JonesDrew 2014
77.4,Lamar Miller 2014
79.4,Vernon Davis 2014
80.7,Jeremy Maclin 2014
80.9,Golden Tate 2014
81.2,Kyle Rudolph 2014
81.4,Dennis Pitta 2014
82.4,Trent Richardson 2014
80.4,Bishop Sankey 2014
81.0,Steven Jackson 2014
84.5,Greg Olsen 2014
86.2,Jordan Reed 2014
88.6,Tony Romo 2014
88.8,Terrance Williams 2014
90.5,Darren Sproles 2014
91.8,Jay Cutler 2014
93.3,Rueben Randle 2014
87.4,Cam Newton 2014
96.6,Bernard Pierce 2014
97.8,Dwayne Bowe 2014
98.1,Robert Griffin 2014
98.8,Brandin Cooks 2014
99.3,Cecil Shorts 2014
99.4,Russell Wilson 2014
94.6,Colin Kaepernick 2014
100.8,Sammy Watkins 2014
102.2,Knowshon Moreno 2014
103.6,Kelvin Benjamin 2014
104.4,Stevan Ridley 2014
104.8,DeAndre Hopkins 2014
105.6,Mark Ingram 2014
108.9,Mike Evans 2014
109.2,Brian Hartline 2014
106.7,Justin Hunter 2014
110.9,Anquan Boldin 2014
111.7,Riley Cooper 2014
109.5,Zach Ertz 2014
106.6,Greg Jennings 2014
114.3,Philip Rivers 2014
114.7,Markus Wheaton 2014
116.8,DeAngelo Williams 2014
121.2,Seattle Seahawks 2014
121.8,Jeremy Hill 2014
121.4,Terrance West 2014
122.8,Ben Roethlisberger 2014
122.9,Doug Baldwin 2014
123.5,Charles Clay 2014
116.8,Darren McFadden 2014
123.7,Martellus Bennett 2014
119.3,Devonta Freeman 2014
124.8,Hakeem Nicks 2014
125.5,Steve Smith 2014
132.1,Jordan Matthews 2014
134.7,Heath Miller 2014
132.0,Jarrett Boykin 2014
137.8,Carlos Hyde 2014
134.6,Lance Dunbar 2014
131.1,Aaron Dobson 2014
131.4,Tavon Austin 2014
133.9,Shonn Greene 2014
140.3,Andy Dalton 2014
134.9,Christopher Ivory 2014
137.9,Andrew Hawkins 2014
142.1,Ahmad Bradshaw 2014
139.8,James Jones 2014
141.9,Danny Amendola 2014
139.5,Kenny Britt 2014
144.1,Rod Streater 2014
141.2,Kenny Stills 2014
145.0,Marqise Lee 2014
140.3,Andre Williams 2014
145.9,Jonathan Stewart 2014
150.1,Antonio Gates 2014
150.9,Delanie Walker 2014
151.4,Travis Kelce 2014
149.4,Ladarius Green 2014
145.8,Khiry Robinson 2014
153.1,Robert Woods 2014
150.5,Marvin Jones 2014
155.3,Harry Douglas 2014
153.4,Christine Michael 2014
153.5,Mike Williams 2014
154.0,Roy Helu 2014
153.4,Garrett Graham 2014
151.9,Dexter McCluster 2014
160.6,LeGarrette Blount 2014
155.2,Knile Davis 2014
156.2,Jerricho Cotchery 2014
159.7,Ryan Tannehill 2014
162.2,Dwayne Allen 2014
161.5,Tyler Eifert 2014
156.0,Jacquizz Rodgers 2014
161.2,Jared Cook 2014
163.2,Carson Palmer 2014
162.9,Donald Brown 2014
164.7,Ronnie Hillman 2014
157.7,James White 2014
162.0,Cody Latimer 2014
161.5,Kenbrell Thompkins 2014
169.7,Eric Ebron 2014
165.2,Jonathan Grimes 2014
167.4,Malcom Floyd 2014
163.5,Steve Johnson 2014
165.1,Miles Austin 2014
165.9,Odell Beckham 2014
163.1,Mohamed Sanu 2014
168.2,St Louis 2014
159.4,Andre Holmes 2014
174.9,Mike Tolbert 2014
171.7,San Francisco 2014
165.6,Bryce Brown 2014
170.4,Alex Smith 2014
172.7,Lance Moore 2014
168.1,John Brown 2014
166.3,Brandon LaFell 2014
167.1,Brian Quick 2014
165.7,Benny Cunningham 2014
175.6,James Starks 2014
171.5,CJ Anderson 2014
176.8,Carolina Panthers 2014
175.3,Nate Washington 2014
175.2,Eli Manning 2014
179.6,Tre Mason 2014
180.6,Coby Fleener 2014
174.6,Cincinnati Bengals 2014
176.9,Marcedes Lewis 2014
178.8,Jeremy Kerley 2014
171.5,Josh McCown 2014
173.9,Jermaine Kearse 2014
173.7,Timothy Wright 2014
173.5,New England 2014
169.2,Chris Givens 2014
181.1,Andre Roberts 2014
173.6,Joe Flacco 2014
186.4,Denarius Moore 2014
175.0,Denver Broncos 2014
181.4,Jordan Todman 2014
174.6,Jake Locker 2014
180.1,Allen Hurns 2014
188.5,Bilal Powell 2014
180.5,Jonathan Dwyer 2014
187.5,Davante Adams 2014
181.5,Donnie Avery 2014
182.4,Richard Rodgers 2014
154.5,Owen Daniels 2014
180.6,Arizona Cardinals 2014
183.6,Marlon Brown 2014
188.8,Robert Turbin 2014
174.2,BenJarvus GreenEllis 2014
193.9,Jarvis Landry 2014
166.3,Andre Brown 2014
177.8,Geno Smith 2014
175.6,Kansas City 2014
183.6,DaRick Rogers 2014
198.1,Stepfan Taylor 2014
181.5,Dri Archer 2014
196.7,Allen Robinson 2014
178.4,Jace Amaro 2014
173.3,Stephen Gostkowski 2014
181.0,Donte Moncrief 2014
189.0,Charles Sims 2014
169.3,Steven Hauschka 2014
195.3,Marcel Reece 2014
177.5,Isaiah Crowell 2014
180.5,Pittsburgh Steelers 2014
171.0,Brandon Gibson 2014
198.4,Bobby Rainey 2014
158.0,DeAnthony Thomas 2014
187.3,Jerick McKinnon 2014
201.7,Latavius Murray 2014
202.2,Levine Toilolo 2014
182.8,Phil Dawson 2014
198.6,Jerrel Jernigan 2014
184.3,Stedman Bailey 2014
187.3,Johnny Manziel 2014
185.7,Green Bay 2014
185.3,Theo Riddick 2014
192.0,Austin SeferianJenkins 2014
170.0,Justin Blackmon 2014
171.0,Andre Caldwell 2014
186.0,Cleveland Browns 2014
172.5,Chicago Bears 2014
182.3,Justin Tucker 2014
173.5,Sam Bradford 2014
183.0,Ace Sanders 2014
174.0,Brandon Pettigrew 2014
206.8,Jermaine Gresham 2014
178.0,Eddie Royal 2014
206.0,Scott Chandler 2014
201.0,Matt Prater 2014
180.0,Shaun Draughn 2014
181.5,Ryan Griffin 2014
182.5,Marquess Wilson 2014
222.5,Paul Richardson 2014
190.3,Martavis Bryant 2014
186.0,Baltimore Ravens 2014
207.5,Alfred Blue 2014
223.0,Nick Folk 2014
193.7,Dan Bailey 2014
194.0,KaDeem Carey 2014
190.5,Chris Polk 2014
199.0,Mike James 2014
194.3,New Orleans 2014
198.5,Nick Novak 2014
229.5,Nate Burleson 2014
195.0,Tampa Bay 2014
193.0,Marcus Lattimore 2014
194.5,Denard Robinson 2014
215.5,Matt Cassel 2014
214.0,Robbie Gould 2014
220.5,Nate Freese 2014
200.5,Mason Crosby 2014
197.5,Shaun Hill 2014
224.0,Greg Zuerlein 2014
207.0,Buffalo Bills 2014
