Salary,Player
3851461,Josh Allen 2018
4814326,Josh Allen 2019
2986538,Patrick Mahomes 2017
3733173,Patrick Mahomes 2018
4479808,Patrick Mahomes 2019
545848,Dak Prescott 2016
635848,Dak Prescott 2017
725848,Dak Prescott 2018
2120848,Dak Prescott 2019
2518997,Deshaun Watson 2017
3148746,Deshaun Watson 2018
3778495,Deshaun Watson 2019
13000000,Carson Palmer 2014
7375000,Carson Palmer 2015
18375000,Carson Palmer 2016
24125000,Carson Palmer 2017
17550000,Aaron Rodgers 2014
18250000,Aaron Rodgers 2015
19250000,Aaron Rodgers 2016
20300000,Aaron Rodgers 2017
20900000,Aaron Rodgers 2018
29352000,Aaron Rodgers 2019
817302,Russell Wilson 2014
7054868,Russell Wilson 2015
18542000,Russell Wilson 2016
14626470,Russell Wilson 2017
23786764,Russell Wilson 2018
26286766,Russell Wilson 2019
18895000,Ben Roethlisberger 2014
17245000,Ben Roethlisberger 2015
23950000,Ben Roethlisberger 2016
18200000,Ben Roethlisberger 2017
23200000,Ben Roethlisberger 2018
26200000,Ben Roethlisberger 2019
5079577,Jared Goff 2016
6349471,Jared Goff 2017
7619365,Jared Goff 2018
10629577,Jared Goff 2019
17500000,Peyton Manning 2014
17500000,Peyton Manning 2015
4850243,Carson Wentz 2016
6062804,Carson Wentz 2017
7275365,Carson Wentz 2018
8393779,Carson Wentz 2019
17500000,Matt Ryan 2014
19500000,Matt Ryan 2015
23750000,Matt Ryan 2016
23750000,Matt Ryan 2017
17700000,Matt Ryan 2018
15800000,Matt Ryan 2019
688172,Kirk Cousins 2014
778172,Kirk Cousins 2015
19953000,Kirk Cousins 2016
23943600,Kirk Cousins 2017
24000000,Kirk Cousins 2018
29000000,Kirk Cousins 2019
18400000,Drew Brees 2014
23800000,Drew Brees 2015
17250000,Drew Brees 2016
19000000,Drew Brees 2017
24000000,Drew Brees 2018
22700000,Drew Brees 2019
14800000,Joe Flacco 2014
14550000,Joe Flacco 2015
22550000,Joe Flacco 2016
24550000,Joe Flacco 2017
24750000,Joe Flacco 2018
4900000,Joe Flacco 2019
15820000,Matthew Stafford 2014
17721250,Matthew Stafford 2015
22500000,Matthew Stafford 2016
16500000,Matthew Stafford 2017
26500000,Matthew Stafford 2018
30700000,Matthew Stafford 2019
6029454,Andrew Luck 2014
7034363,Andrew Luck 2015
18400000,Andrew Luck 2016
19400000,Andrew Luck 2017
24400000,Andrew Luck 2018
633436,Jimmy Garoppolo 2014
791795,Jimmy Garoppolo 2015
950154,Jimmy Garoppolo 2016
434158,Jimmy Garoppolo 2017
37000000,Jimmy Garoppolo 2018
20000000,Jimmy Garoppolo 2019
976691,Derek Carr 2014
1220864,Derek Carr 2015
1465037,Derek Carr 2016
15731691,Derek Carr 2017
25000000,Derek Carr 2018
22500000,Derek Carr 2019
3455046,Ryan Tannehill 2014
4873364,Ryan Tannehill 2015
11640000,Ryan Tannehill 2016
20300000,Ryan Tannehill 2017
8676666,Ryan Tannehill 2018
2225000,Ryan Tannehill 2019
544445,Jacoby Brissett 2016
580038,Jacoby Brissett 2017
760076,Jacoby Brissett 2018
8525000,Jacoby Brissett 2019
20400000,Eli Manning 2014
14450000,Eli Manning 2015
24200000,Eli Manning 2016
19700000,Eli Manning 2017
22200000,Eli Manning 2018
23200000,Eli Manning 2019
11773000,Tony Romo 2014
14973000,Tony Romo 2015
20835000,Tony Romo 2016
16666666,Philip Rivers 2014
21166668,Philip Rivers 2015
16500000,Philip Rivers 2016
18000000,Philip Rivers 2017
22000000,Philip Rivers 2018
23000000,Philip Rivers 2019
7008113,Cam Newton 2014
13000000,Cam Newton 2015
19500000,Cam Newton 2016
20166000,Cam Newton 2017
21500000,Cam Newton 2018
23200000,Cam Newton 2019
3767444,Colin Kaepernick 2014
15265753,Colin Kaepernick 2015
20231507,Colin Kaepernick 2016
14800000,Tom Brady 2014
14000000,Tom Brady 2015
13764706,Tom Brady 2016
14000000,Tom Brady 2017
22000000,Tom Brady 2018
21500000,Tom Brady 2019
18500000,Jay Cutler 2014
16500000,Jay Cutler 2015
17000000,Jay Cutler 2016
10000000,Jay Cutler 2017
4600000,Alex Smith 2014
15600000,Alex Smith 2015
17800000,Alex Smith 2016
16900000,Alex Smith 2017
18400000,Alex Smith 2018
20100000,Alex Smith 2019
9059063,Andy Dalton 2014
9600000,Andy Dalton 2015
13100000,Andy Dalton 2016
15700000,Andy Dalton 2017
16300000,Andy Dalton 2018
16200000,Andy Dalton 2019
770880,Nick Foles 2014
4042000,Nick Foles 2015
1750000,Nick Foles 2016
1600000,Nick Foles 2017
13600000,Nick Foles 2018
12000000,Nick Foles 2019
959094,Brock Osweiler 2014
1118943,Brock Osweiler 2015
12000000,Brock Osweiler 2016
775000,Brock Osweiler 2017
720000,Brock Osweiler 2018
671327,Tyrod Taylor 2014
883333,Tyrod Taylor 2015
6913333,Tyrod Taylor 2016
9713334,Tyrod Taylor 2017
16000000,Tyrod Taylor 2018
3500000,Tyrod Taylor 2019
17610000,Sam Bradford 2014
12985000,Sam Bradford 2015
7000000,Sam Bradford 2016
18000000,Sam Bradford 2017
2250000,Mark Sanchez 2014
3750000,Mark Sanchez 2015
2000000,Mark Sanchez 2016
2000000,Mark Sanchez 2017
222353,Mark Sanchez 2018
1245364,Teddy Bridgewater 2014
1556705,Teddy Bridgewater 2015
1868046,Teddy Bridgewater 2016
2179387,Teddy Bridgewater 2017
2290000,Teddy Bridgewater 2018
3250000,Teddy Bridgewater 2019
58235,Case Keenum 2014
585000,Case Keenum 2015
3635000,Case Keenum 2016
1906250,Case Keenum 2017
15000000,Case Keenum 2018
3500000,Case Keenum 2019
3755418,Blake Bortles 2014
4694273,Blake Bortles 2015
5633128,Blake Bortles 2016
6571983,Blake Bortles 2017
10000000,Blake Bortles 2018
1000000,Blake Bortles 2019
5750000,Matt Cassel 2014
1764706,Matt Cassel 2015
2000000,Matt Cassel 2016
2750000,Matt Cassel 2017
720000,Matt Cassel 2018
3375000,Ryan Fitzpatrick 2014
3250000,Ryan Fitzpatrick 2015
7000000,Ryan Fitzpatrick 2016
3675000,Ryan Fitzpatrick 2017
3300000,Ryan Fitzpatrick 2018
5500000,Ryan Fitzpatrick 2019
4750000,Josh McCown 2014
3916666,Josh McCown 2015
5041666,Josh McCown 2016
6500000,Josh McCown 2017
10000000,Josh McCown 2018
2450000,Josh McCown 2019
5942360,Baker Mayfield 2018
7427950,Baker Mayfield 2019
4402541,Marcus Mariota 2015
5503176,Marcus Mariota 2016
6603811,Marcus Mariota 2017
7704446,Marcus Mariota 2018
20922000,Marcus Mariota 2019
4609323,Jameis Winston 2015
5761654,Jameis Winston 2016
6913985,Jameis Winston 2017
7941903,Jameis Winston 2018
20922000,Jameis Winston 2019
5499581,Sam Darnold 2018
6874476,Sam Darnold 2019
1250000,Brian Hoyer 2014
5218750,Brian Hoyer 2015
2000000,Brian Hoyer 2016
476471,Brian Hoyer 2017
915000,Brian Hoyer 2018
3000000,Brian Hoyer 2019
5500000,Matt Moore 2014
2600000,Matt Moore 2015
1400000,Matt Moore 2016
2150000,Matt Moore 2017
645000,Matt Moore 2019
4004637,Jake Locker 2014
2011587,Blaine Gabbert 2014
1750000,Blaine Gabbert 2015
2300000,Blaine Gabbert 2016
895000,Blaine Gabbert 2017
2000000,Blaine Gabbert 2018
1593750,Blaine Gabbert 2019
3199593,Josh Rosen 2018
1279898,Josh Rosen 2019
2666666,Drew Stanton 2014
3866668,Drew Stanton 2015
2500000,Drew Stanton 2016
4150000,Drew Stanton 2017
2500000,Drew Stanton 2018
3765625,Drew Stanton 2019
2019386,EJ Manuel 2014
2423264,EJ Manuel 2015
2827141,EJ Manuel 2016
640000,EJ Manuel 2017
570000,Austin Davis 2014
1950195,Austin Davis 2015
0,Austin Davis 2016
695000,Austin Davis 2017
1722118,Lamar Jackson 2018
2152648,Lamar Jackson 2019
29118,Ryan Griffin 2014
510000,Ryan Griffin 2015
600000,Ryan Griffin 2016
1150000,Ryan Griffin 2017
1375000,Ryan Griffin 2018
1255000,Ryan Griffin 2019
448196,Trevor Siemian 2015
538196,Trevor Siemian 2016
628196,Trevor Siemian 2017
1907000,Trevor Siemian 2018
2000000,Trevor Siemian 2019
1140819,Geno Smith 2014
1368983,Geno Smith 2015
1597146,Geno Smith 2016
1087500,Geno Smith 2017
1000000,Geno Smith 2018
710000,Geno Smith 2019
616197,Cody Kessler 2016
770246,Cody Kessler 2017
758098,Cody Kessler 2018
381176,Cody Kessler 2019
122400,Nick Mullens 2017
395294,Nick Mullens 2018
570000,Nick Mullens 2019
12326471,Adrian Peterson 2014
15400000,Adrian Peterson 2015
12000000,Adrian Peterson 2016
705882,Adrian Peterson 2017
630000,Adrian Peterson 2018
1780000,Adrian Peterson 2019
2750000,Chris Johnson 2014
870000,Chris Johnson 2015
1500000,Chris Johnson 2016
2944117,Reggie Bush 2014
2406250,Reggie Bush 2015
1500000,Reggie Bush 2016
8000000,Marshawn Lynch 2014
8500000,Marshawn Lynch 2015
2701838,Marshawn Lynch 2017
4453125,Marshawn Lynch 2018
37941,Marshawn Lynch 2019
936500,LeVeon Bell 2014
1032082,LeVeon Bell 2015
1130346,LeVeon Bell 2016
12120000,LeVeon Bell 2017
0,LeVeon Bell 2018
8968750,LeVeon Bell 2019
2513306,Todd Gurley 2015
3141632,Todd Gurley 2016
3769958,Todd Gurley 2017
7228306,Todd Gurley 2018
9200000,Todd Gurley 2019
3134782,Christian McCaffrey 2017
3918478,Christian McCaffrey 2018
4702174,Christian McCaffrey 2019
4537516,Ezekiel Elliott 2016
5112702,Ezekiel Elliott 2017
6806274,Ezekiel Elliott 2018
6339653,Ezekiel Elliott 2019
708193,Alvin Kamara 2017
878193,Alvin Kamara 2018
1050693,Alvin Kamara 2019
9700000,LeSean McCoy 2014
5500000,LeSean McCoy 2015
7675000,LeSean McCoy 2016
10375000,LeSean McCoy 2017
8950000,LeSean McCoy 2018
3000000,LeSean McCoy 2019
4166666,Steven Jackson 2014
68824,Steven Jackson 2015
594843,David Johnson 2015
708843,David Johnson 2016
799843,David Johnson 2017
5041843,David Johnson 2018
9750000,David Johnson 2019
8456250,Arian Foster 2014
8706250,Arian Foster 2015
6000000,DeAngelo Williams 2014
1435000,DeAngelo Williams 2015
2565000,DeAngelo Williams 2016
1342381,Nick Chubb 2018
1677976,Nick Chubb 2019
515487,Aaron Jones 2017
519369,Aaron Jones 2018
695487,Aaron Jones 2019
1155147,Dalvin Cook 2017
1443934,Dalvin Cook 2018
1732721,Dalvin Cook 2019
6450000,Frank Gore 2014
4500000,Frank Gore 2015
4000000,Frank Gore 2016
3500000,Frank Gore 2017
1105000,Frank Gore 2018
2000000,Frank Gore 2019
983260,Derrick Henry 2016
1229075,Derrick Henry 2017
1474890,Derrick Henry 2018
1720705,Derrick Henry 2019
7900000,Matt Forte 2014
9200000,Matt Forte 2015
3000000,Matt Forte 2016
5000000,Matt Forte 2017
2500000,Maurice JonesDrew 2014
990938,Joe Mixon 2017
1238673,Joe Mixon 2018
1486408,Joe Mixon 2019
4585000,Jonathan Stewart 2014
8300000,Jonathan Stewart 2015
9550000,Jonathan Stewart 2016
6175000,Jonathan Stewart 2017
3925000,Jonathan Stewart 2018
1750000,Darren McFadden 2014
1150000,Darren McFadden 2015
2150000,Darren McFadden 2016
2000000,Darren Sproles 2014
4100000,Darren Sproles 2015
5100000,Darren Sproles 2016
4000000,Darren Sproles 2017
1433750,Darren Sproles 2018
1330000,Darren Sproles 2019
1596625,DeMarco Murray 2014
5000000,DeMarco Murray 2015
6000000,DeMarco Murray 2016
6950000,DeMarco Murray 2017
9633333,Jamaal Charles 2014
7970835,Jamaal Charles 2015
5312500,Jamaal Charles 2016
1953125,Jamaal Charles 2017
541106,Devonta Freeman 2014
631106,Devonta Freeman 2015
721106,Devonta Freeman 2016
4418106,Devonta Freeman 2017
5000000,Devonta Freeman 2018
6750000,Devonta Freeman 2019
1851144,Doug Martin 2014
2159668,Doug Martin 2015
7764706,Doug Martin 2016
5764706,Doug Martin 2017
1475000,Doug Martin 2018
5671773,Saquon Barkley 2018
7089716,Saquon Barkley 2019
655315,Kenyan Drake 2016
800315,Kenyan Drake 2017
910315,Kenyan Drake 2018
1072059,Kenyan Drake 2019
2252708,Trent Richardson 2014
521221,Jerick McKinnon 2014
648750,Jerick McKinnon 2015
738750,Jerick McKinnon 2016
828750,Jerick McKinnon 2017
6000000,Jerick McKinnon 2018
5750000,Jerick McKinnon 2019
691500,Lamar Miller 2014
1663500,Lamar Miller 2015
5500000,Lamar Miller 2016
6500000,Lamar Miller 2017
6750000,Lamar Miller 2018
7203125,Lamar Miller 2019
1750000,Chris Ivory 2014
2750000,Chris Ivory 2015
3500000,Chris Ivory 2016
6000000,Chris Ivory 2017
2468750,Chris Ivory 2018
4936524,Leonard Fournette 2017
6070706,Leonard Fournette 2018
7404786,Leonard Fournette 2019
1939957,Melvin Gordon 2015
2424946,Melvin Gordon 2016
2909935,Melvin Gordon 2017
3394924,Melvin Gordon 2018
4615882,Melvin Gordon 2019
5916666,CJ Spiller 2014
2000000,CJ Spiller 2015
0,CJ Spiller 2017
486353,Ahmad Bradshaw 2014
343235,Ahmad Bradshaw 2015
3850000,Fred Jackson 2014
900000,Fred Jackson 2015
661137,Nyheim Hines 2018
751137,Nyheim Hines 2019
1193941,Giovani Bernard 2014
1432729,Giovani Bernard 2015
4621517,Giovani Bernard 2016
3675000,Giovani Bernard 2017
4250000,Giovani Bernard 2018
5316666,Giovani Bernard 2019
466666,Austin Ekeler 2017
556666,Austin Ekeler 2018
646668,Austin Ekeler 2019
658988,Kareem Hunt 2017
0,Kareem Hunt 2018
671470,Kareem Hunt 2019
446550,Latavius Murray 2014
611550,Latavius Murray 2015
701550,Latavius Murray 2016
2956250,Latavius Murray 2017
5200000,Latavius Murray 2018
1850000,Latavius Murray 2019
612523,Duke Johnson 2015
732523,Duke Johnson 2016
830023,Duke Johnson 2017
3894523,Duke Johnson 2018
2200000,Duke Johnson 2019
623289,Tarik Cohen 2017
713289,Tarik Cohen 2018
803289,Tarik Cohen 2019
499166,CJ Anderson 2014
589168,CJ Anderson 2015
6000000,CJ Anderson 2016
3000000,CJ Anderson 2017
92941,CJ Anderson 2018
1101275,Shane Vereen 2014
2516666,Shane Vereen 2015
4916666,Shane Vereen 2016
4416668,Shane Vereen 2017
669396,Carlos Hyde 2014
836745,Carlos Hyde 2015
1004094,Carlos Hyde 2016
1171443,Carlos Hyde 2017
1220588,Carlos Hyde 2018
1900000,Carlos Hyde 2019
391814,Chris Carson 2017
571285,Chris Carson 2018
661285,Chris Carson 2019
673471,Dion Lewis 2015
1087500,Dion Lewis 2016
1487500,Dion Lewis 2017
4312500,Dion Lewis 2018
4862500,Dion Lewis 2019
2359875,Mark Ingram 2014
2000000,Mark Ingram 2015
2510000,Mark Ingram 2016
5345000,Mark Ingram 2017
5303824,Mark Ingram 2018
3333333,Mark Ingram 2019
3000000,Knowshon Moreno 2014
3612000,Ryan Mathews 2014
2000000,Ryan Mathews 2015
4000000,Ryan Mathews 2016
3233333,Shonn Greene 2014
4000000,Toby Gerhart 2014
3000000,Toby Gerhart 2015
1833333,Donald Brown 2014
2294118,Donald Brown 2015
771003,Eddie Lacy 2014
925203,Eddie Lacy 2015
1079404,Eddie Lacy 2016
3562500,Eddie Lacy 2017
517750,Theo Riddick 2014
607750,Theo Riddick 2015
1785250,Theo Riddick 2016
2400000,Theo Riddick 2017
4137500,Theo Riddick 2018
2468750,Theo Riddick 2019
512006,Jordan Howard 2016
602006,Jordan Howard 2017
692006,Jordan Howard 2018
2025000,Jordan Howard 2019
1531125,Bilal Powell 2014
2000000,Bilal Powell 2015
1733333,Bilal Powell 2016
4633333,Bilal Powell 2017
4883334,Bilal Powell 2018
735000,Bilal Powell 2019
1570000,Pierre Thomas 2014
137647,Pierre Thomas 2015
519272,James White 2014
609272,James White 2015
699272,James White 2016
1789272,James White 2017
2500000,James White 2018
4625000,James White 2019
2300000,Joique Bell 2014
3500000,Joique Bell 2015
141176,Joique Bell 2016
338824,Gus Edwards 2018
570000,Gus Edwards 2019
621311,Tevin Coleman 2015
753811,Tevin Coleman 2016
866311,Tevin Coleman 2017
977939,Tevin Coleman 2018
3600000,Tevin Coleman 2019
423333,Isaiah Crowell 2014
513333,Isaiah Crowell 2015
603334,Isaiah Crowell 2016
2746000,Isaiah Crowell 2017
2000000,Isaiah Crowell 2018
1250000,Isaiah Crowell 2019
2000000,Dexter McCluster 2014
3350000,Dexter McCluster 2015
330335,Dexter McCluster 2016
87353,Chris Thompson 2014
585000,Chris Thompson 2015
675000,Chris Thompson 2016
2500000,Chris Thompson 2017
3152250,Chris Thompson 2018
3906250,Chris Thompson 2019
570000,Justin Forsett 2014
1600000,Justin Forsett 2015
208235,Justin Forsett 2016
2250000,Danny Woodhead 2014
2500000,Danny Woodhead 2015
3000000,Danny Woodhead 2016
1750000,Danny Woodhead 2017
1412500,James Starks 2014
1837500,James Starks 2015
2250000,James Starks 2016
358700,Mike Gillislee 2014
150000,Mike Gillislee 2015
600000,Mike Gillislee 2016
3968750,Mike Gillislee 2017
520550,Rex Burkhead 2014
610550,Rex Burkhead 2015
700550,Rex Burkhead 2016
3150000,Rex Burkhead 2017
2312500,Rex Burkhead 2018
3000000,Rex Burkhead 2019
1312500,Rashad Jennings 2014
2812500,Rashad Jennings 2015
2812500,Rashad Jennings 2016
478118,Phillip Lindsay 2018
575000,Phillip Lindsay 2019
450000,Jalen Richard 2016
540000,Jalen Richard 2017
630000,Jalen Richard 2018
3095000,Jalen Richard 2019
360960,Corey Grant 2015
526666,Corey Grant 2016
616668,Corey Grant 2017
2914000,Corey Grant 2018
466666,Matt Breida 2017
546254,Matt Breida 2018
646668,Matt Breida 2019
606498,Jamaal Williams 2017
696498,Jamaal Williams 2018
786498,Jamaal Williams 2019
497136,Mike Davis 2015
642195,Mike Davis 2016
253235,Mike Davis 2017
1237500,Mike Davis 2018
411765,Mike Davis 2019
1957352,Rashaad Penny 2018
2446690,Rashaad Penny 2019
545848,Devontae Booker 2016
635848,Devontae Booker 2017
725848,Devontae Booker 2018
815848,Devontae Booker 2019
257647,LeGarrette Blount 2014
955882,LeGarrette Blount 2015
1025000,LeGarrette Blount 2016
1250000,LeGarrette Blount 2017
2000000,LeGarrette Blount 2018
421166,Damien Williams 2014
511166,Damien Williams 2015
601168,Damien Williams 2016
1797000,Damien Williams 2017
1733333,Damien Williams 2018
1733333,Damien Williams 2019
1548563,Roy Helu 2014
2100000,Roy Helu 2015
1750308,Sony Michel 2018
2187885,Sony Michel 2019
807708,Ronnie Hillman 2014
942708,Ronnie Hillman 2015
268235,Ronnie Hillman 2016
450000,Peyton Barber 2016
540000,Peyton Barber 2017
630000,Peyton Barber 2018
2125000,Peyton Barber 2019
600775,Alfred Morris 2014
1572775,Alfred Morris 2015
1300000,Alfred Morris 2016
2137500,Alfred Morris 2017
630000,Alfred Morris 2018
169412,Jeff Wilson 2018
536471,Jeff Wilson 2019
569912,Marlon Mack 2017
659912,Marlon Mack 2018
749912,Marlon Mack 2019
551850,Terrance West 2014
210000,Terrance West 2015
600000,Terrance West 2016
1797000,Terrance West 2017
1075232,TJ Yeldon 2015
1344040,TJ Yeldon 2016
1612848,TJ Yeldon 2017
1881656,TJ Yeldon 2018
1300000,TJ Yeldon 2019
1478750,Jacquizz Rodgers 2014
625000,Jacquizz Rodgers 2015
564706,Jacquizz Rodgers 2016
1700000,Jacquizz Rodgers 2017
1600000,Jacquizz Rodgers 2018
641572,James Conner 2017
754572,James Conner 2018
844572,James Conner 2019
25588,Malcolm Brown 2015
450000,Malcolm Brown 2016
540000,Malcolm Brown 2017
630000,Malcolm Brown 2018
2125000,Malcolm Brown 2019
1182490,Kerryon Johnson 2018
1478113,Kerryon Johnson 2019
629947,Samaje Perine 2017
719947,Samaje Perine 2018
37941,Samaje Perine 2019
360000,Spencer Ware 2015
958333,Spencer Ware 2016
1745833,Spencer Ware 2017
1108334,Spencer Ware 2018
189412,Spencer Ware 2019
172941,Charcandrick West 2014
510000,Charcandrick West 2015
958333,Charcandrick West 2016
1152083,Charcandrick West 2017
148235,Charcandrick West 2018
570000,Lance Dunbar 2014
1542000,Lance Dunbar 2015
1031250,Lance Dunbar 2016
1476563,Lance Dunbar 2017
1016666,Anthony Dixon 2014
1266666,Anthony Dixon 2015
939750,Stevan Ridley 2014
1096875,Stevan Ridley 2015
72353,Stevan Ridley 2017
630000,Stevan Ridley 2018
682473,Jeremy Hill 2014
853091,Jeremy Hill 2015
1023710,Jeremy Hill 2016
1194328,Jeremy Hill 2017
1331250,Jeremy Hill 2018
52941,JD McKissic 2016
540000,JD McKissic 2017
630000,JD McKissic 2018
720000,JD McKissic 2019
684114,Robert Turbin 2014
271765,Robert Turbin 2015
600000,Robert Turbin 2016
1381250,Robert Turbin 2017
37941,Robert Turbin 2019
755659,Ameer Abdullah 2015
944574,Ameer Abdullah 2016
1133489,Ameer Abdullah 2017
412586,Ameer Abdullah 2018
735000,Ameer Abdullah 2019
698818,Bishop Sankey 2014
873522,Bishop Sankey 2015
34500,Bishop Sankey 2016
418000,Bishop Sankey 2017
787347,Montee Ball 2014
19800,Montee Ball 2015
309706,Tim Hightower 2015
840000,Tim Hightower 2016
423529,Josh Adams 2018
268235,Josh Adams 2019
495333,Khiry Robinson 2014
585334,Khiry Robinson 2015
110824,Khiry Robinson 2016
468941,Dwayne Washington 2016
558941,Dwayne Washington 2017
518824,Dwayne Washington 2018
720000,Dwayne Washington 2019
572871,Ty Montgomery 2015
693386,Ty Montgomery 2016
788636,Ty Montgomery 2017
379324,Ty Montgomery 2018
735000,Ty Montgomery 2019
134118,Shaun Draughn 2014
333412,Shaun Draughn 2015
860000,Shaun Draughn 2016
498333,Benny Cunningham 2014
588334,Benny Cunningham 2015
1671000,Benny Cunningham 2016
695000,Benny Cunningham 2017
1037500,Benny Cunningham 2018
360960,Zach Zenner 2015
526666,Zach Zenner 2016
616668,Zach Zenner 2017
373235,Zach Zenner 2018
535964,Charles Sims 2014
726023,Charles Sims 2015
836023,Charles Sims 2016
950023,Charles Sims 2017
579375,Tre Mason 2014
689410,Tre Mason 2015
159375,Tre Mason 2016
646504,Knile Davis 2014
736504,Knile Davis 2015
357353,Knile Davis 2016
729255,Royce Freeman 2018
910255,Royce Freeman 2019
708986,Bernard Pierce 2014
660000,Bernard Pierce 2015
307059,Rod Smith 2015
55200,Rod Smith 2016
615000,Rod Smith 2017
705000,Rod Smith 2018
113824,Rod Smith 2019
468333,Corey Clement 2017
527098,Corey Clement 2018
648334,Corey Clement 2019
496096,Alex Collins 2016
508235,Alex Collins 2017
630000,Alex Collins 2018
623116,CJ Prosise 2016
738116,CJ Prosise 2017
833116,CJ Prosise 2018
918116,CJ Prosise 2019
569912,Wayne Gallman 2017
659912,Wayne Gallman 2018
749912,Wayne Gallman 2019
520966,Andre Ellington 2014
610966,Andre Ellington 2015
1696966,Andre Ellington 2016
273529,Andre Ellington 2017
570000,Bobby Rainey 2014
1542000,Bobby Rainey 2015
680000,Bobby Rainey 2016
645000,Jordan Todman 2014
585000,Jordan Todman 2015
600000,Jordan Todman 2016
615000,Jordan Todman 2017
573334,Chris Polk 2014
753750,Chris Polk 2015
517299,DeAndre Washington 2016
607299,DeAndre Washington 2017
697299,DeAndre Washington 2018
787299,DeAndre Washington 2019
571668,Travaris Cadet 2014
77647,Travaris Cadet 2015
600000,Travaris Cadet 2016
275471,Travaris Cadet 2017
259412,Travaris Cadet 2018
584854,Matt Jones 2015
688854,Matt Jones 2016
148000,Matt Jones 2017
613577,DOnta Foreman 2017
778371,DOnta Foreman 2018
514807,Trenton Cannon 2018
511101,Trenton Cannon 2019
513137,Paul Perkins 2016
603137,Paul Perkins 2017
461137,Paul Perkins 2018
32000,Paul Perkins 2019
621453,Ito Smith 2018
725218,Ito Smith 2019
533400,Andre Williams 2014
623400,Andre Williams 2015
35294,Andre Williams 2016
479647,Andre Williams 2017
449483,Alfred Blue 2014
539483,Alfred Blue 2015
629483,Alfred Blue 2016
719483,Alfred Blue 2017
720000,Alfred Blue 2018
570906,Jeremy Langford 2015
660906,Jeremy Langford 2016
67200,Jeremy Langford 2017
74118,Jeremy Langford 2018
762500,Antone Smith 2014
276706,Antone Smith 2016
553618,Javorius Allen 2015
643618,Javorius Allen 2016
733618,Javorius Allen 2017
823618,Javorius Allen 2018
417353,Javorius Allen 2019
420000,Branden Oliver 2014
416294,Branden Oliver 2015
600000,Branden Oliver 2016
800000,Branden Oliver 2017
542220,Joseph Randle 2014
539125,Zac Stacy 2014
585000,Zac Stacy 2015
481381,Lorenzo Taliaferro 2014
460205,Lorenzo Taliaferro 2015
675146,Lorenzo Taliaferro 2016
507129,Elijah McGuire 2017
513835,Elijah McGuire 2018
40000,Elijah McGuire 2019
520788,Mike James 2014
68824,Mike James 2015
34500,Mike James 2016
378000,Mike James 2017
570000,Bryce Brown 2014
116471,Bryce Brown 2015
511145,Wendell Smallwood 2016
601145,Wendell Smallwood 2017
691145,Wendell Smallwood 2018
720000,Wendell Smallwood 2019
435144,Jay Ajayi 2015
580203,Jay Ajayi 2016
325588,Jay Ajayi 2017
1907000,Jay Ajayi 2018
419353,Thomas Rawls 2015
530000,Thomas Rawls 2016
620000,Thomas Rawls 2017
421166,Juwan Thompson 2014
511166,Juwan Thompson 2015
352941,Juwan Thompson 2016
593089,Chase Edmonds 2018
683089,Chase Edmonds 2019
271765,Jonas Gray 2014
90000,Jonas Gray 2015
247059,Antonio Andrews 2014
510000,Antonio Andrews 2015
600000,Antonio Andrews 2016
451000,Robert Kelley 2016
468118,Robert Kelley 2017
631000,Robert Kelley 2018
540310,Jordan Wilkins 2018
630310,Jordan Wilkins 2019
395294,Justin Jackson 2018
570000,Justin Jackson 2019
1733341,DeAndre Hopkins 2014
2080009,DeAndre Hopkins 2015
2426677,DeAndre Hopkins 2016
18000000,DeAndre Hopkins 2017
14000000,DeAndre Hopkins 2018
14000000,DeAndre Hopkins 2019
13058000,Calvin Johnson 2014
20558000,Calvin Johnson 2015
8600000,Larry Fitzgerald 2014
10850000,Larry Fitzgerald 2015
15850000,Larry Fitzgerald 2016
15850000,Larry Fitzgerald 2017
16850000,Larry Fitzgerald 2018
11250000,Larry Fitzgerald 2019
5149375,Julio Jones 2014
12400000,Julio Jones 2015
15900000,Julio Jones 2016
13900000,Julio Jones 2017
12866666,Julio Jones 2018
10366666,Julio Jones 2019
6264394,AJ Green 2014
14750000,AJ Green 2015
13000000,AJ Green 2016
13500000,AJ Green 2017
13750000,AJ Green 2018
15176000,AJ Green 2019
6470588,Percy Harvin 2014
4000000,Percy Harvin 2015
983382,Percy Harvin 2016
930722,Michael Thomas 2016
1163403,Michael Thomas 2017
1396084,Michael Thomas 2018
6128765,Michael Thomas 2019
4517500,Antonio Brown 2014
7120833,Antonio Brown 2015
11883333,Antonio Brown 2016
13618334,Antonio Brown 2017
7955000,Antonio Brown 2018
658450,Keenan Allen 2014
753450,Keenan Allen 2015
7724450,Keenan Allen 2016
8650000,Keenan Allen 2017
9650000,Keenan Allen 2018
12150000,Keenan Allen 2019
4120567,Amari Cooper 2015
5150709,Amari Cooper 2016
6180851,Amari Cooper 2017
411765,Amari Cooper 2018
13924000,Amari Cooper 2019
2166666,Steve Smith 2014
4166666,Steve Smith 2015
4166668,Steve Smith 2016
644706,Kenny Golladay 2017
765706,Kenny Golladay 2018
855706,Kenny Golladay 2019
638340,Allen Robinson 2014
797925,Allen Robinson 2015
957510,Allen Robinson 2016
1117095,Allen Robinson 2017
11812500,Allen Robinson 2018
15000000,Allen Robinson 2019
4700000,Demaryius Thomas 2014
13200000,Demaryius Thomas 2015
15200000,Demaryius Thomas 2016
12033333,Demaryius Thomas 2017
4500000,Demaryius Thomas 2018
2818015,Demaryius Thomas 2019
3148500,Dez Bryant 2014
7000000,Dez Bryant 2015
13000000,Dez Bryant 2016
17000000,Dez Bryant 2017
600000,Dez Bryant 2018
17250000,Mike Wallace 2014
9900000,Mike Wallace 2015
3500000,Mike Wallace 2016
8000000,Mike Wallace 2017
4000000,Mike Wallace 2018
497500,Tyreek Hill 2016
586260,Tyreek Hill 2017
704996,Tyreek Hill 2018
2197000,Tyreek Hill 2019
12432000,Vincent Jackson 2014
12209777,Vincent Jackson 2015
12209778,Vincent Jackson 2016
631688,Tyler Lockett 2015
776688,Tyler Lockett 2016
891688,Tyler Lockett 2017
4446688,Tyler Lockett 2018
7357000,Tyler Lockett 2019
1240317,Alshon Jeffery 2014
1447036,Alshon Jeffery 2015
11163941,Alshon Jeffery 2016
10850000,Alshon Jeffery 2017
3975000,Alshon Jeffery 2018
6069000,Alshon Jeffery 2019
2660273,Mike Evans 2014
3325341,Mike Evans 2015
3990410,Mike Evans 2016
4614890,Mike Evans 2017
18258000,Mike Evans 2018
15200000,Mike Evans 2019
1524264,Brandin Cooks 2014
1905330,Brandin Cooks 2015
2286396,Brandin Cooks 2016
1563198,Brandin Cooks 2017
5400000,Brandin Cooks 2018
15259000,Brandin Cooks 2019
11485294,Dwayne Bowe 2014
4500000,Dwayne Bowe 2015
706850,TY Hilton 2014
3131850,TY Hilton 2015
11000000,TY Hilton 2016
10000000,TY Hilton 2017
13000000,TY Hilton 2018
15000000,TY Hilton 2019
3624655,Sammy Watkins 2014
4530819,Sammy Watkins 2015
5436983,Sammy Watkins 2016
690000,Sammy Watkins 2017
7800000,Sammy Watkins 2018
19200000,Sammy Watkins 2019
631802,Jarvis Landry 2014
789752,Jarvis Landry 2015
947702,Jarvis Landry 2016
1105652,Jarvis Landry 2017
15500000,Jarvis Landry 2018
14050000,Jarvis Landry 2019
663041,Chris Godwin 2017
779541,Chris Godwin 2018
875041,Chris Godwin 2019
715164,Davante Adams 2014
893955,Davante Adams 2015
1072746,Davante Adams 2016
4851537,Davante Adams 2017
10537500,Davante Adams 2018
10850000,Davante Adams 2019
15644583,Andre Johnson 2014
7500000,Andre Johnson 2015
420000,Adam Thielen 2014
510000,Adam Thielen 2015
600000,Adam Thielen 2016
3746000,Adam Thielen 2017
6100000,Adam Thielen 2018
8105000,Adam Thielen 2019
1106084,Robert Woods 2014
1327301,Robert Woods 2015
1548517,Robert Woods 2016
7000000,Robert Woods 2017
5475038,Robert Woods 2018
7675000,Robert Woods 2019
491928,Stefon Diggs 2015
581928,Stefon Diggs 2016
671928,Stefon Diggs 2017
4963928,Stefon Diggs 2018
12468750,Stefon Diggs 2019
453333,Robby Anderson 2016
543333,Robby Anderson 2017
633334,Robby Anderson 2018
3095000,Robby Anderson 2019
4250000,DeSean Jackson 2014
9250000,DeSean Jackson 2015
9250000,DeSean Jackson 2016
12500000,DeSean Jackson 2017
11000000,DeSean Jackson 2018
3164000,DeSean Jackson 2019
703690,Cooper Kupp 2017
878736,Cooper Kupp 2018
1049808,Cooper Kupp 2019
7647059,Wes Welker 2014
956471,Wes Welker 2015
5500000,Jeremy Maclin 2014
3400000,Jeremy Maclin 2015
12400000,Jeremy Maclin 2016
3500000,Jeremy Maclin 2017
9375000,Brandon Marshall 2014
9000000,Brandon Marshall 2015
9500000,Brandon Marshall 2016
4468750,Brandon Marshall 2017
3000000,Doug Baldwin 2014
4650000,Doug Baldwin 2015
8000000,Doug Baldwin 2016
4418750,Doug Baldwin 2017
11893750,Doug Baldwin 2018
5925000,Jordy Nelson 2014
4600000,Jordy Nelson 2015
8800000,Jordy Nelson 2016
11550000,Jordy Nelson 2017
9168750,Jordy Nelson 2018
7000000,Greg Jennings 2014
2500000,Greg Jennings 2015
4000000,Emmanuel Sanders 2014
5850000,Emmanuel Sanders 2015
6187500,Emmanuel Sanders 2016
9537500,Emmanuel Sanders 2017
10937500,Emmanuel Sanders 2018
5970588,Emmanuel Sanders 2019
9700000,Pierre Garcon 2014
9700000,Pierre Garcon 2015
10200000,Pierre Garcon 2016
6425000,Pierre Garcon 2017
9250000,Pierre Garcon 2018
7424000,Victor Cruz 2014
8125000,Victor Cruz 2015
6650000,Victor Cruz 2016
2000000,Miles Austin 2014
1021179,Randall Cobb 2014
5350000,Randall Cobb 2015
9150000,Randall Cobb 2016
12718750,Randall Cobb 2017
12718750,Randall Cobb 2018
4562500,Randall Cobb 2019
6212500,Roddy White 2014
5587500,Roddy White 2015
4617227,Corey Davis 2017
5771534,Corey Davis 2018
6925841,Corey Davis 2019
2897955,Tavon Austin 2014
3477546,Tavon Austin 2015
7811248,Tavon Austin 2016
14977116,Tavon Austin 2017
3000000,Tavon Austin 2018
1328125,Tavon Austin 2019
2364000,Anquan Boldin 2014
6909000,Anquan Boldin 2015
2737500,Anquan Boldin 2016
421666,Allen Hurns 2014
511666,Allen Hurns 2015
9001668,Allen Hurns 2016
7000000,Allen Hurns 2017
4375000,Allen Hurns 2018
2933333,Allen Hurns 2019
6166668,Reggie Wayne 2014
1173393,Curtis Samuel 2017
1466741,Curtis Samuel 2018
1760089,Curtis Samuel 2019
635000,Darrius HeywardBey 2014
665000,Darrius HeywardBey 2015
1133333,Darrius HeywardBey 2016
1333333,Darrius HeywardBey 2017
1333334,Darrius HeywardBey 2018
1704977,Nelson Agholor 2015
2131221,Nelson Agholor 2016
2557465,Nelson Agholor 2017
2983709,Nelson Agholor 2018
9387000,Nelson Agholor 2019
8300000,Marques Colston 2014
6500000,Marques Colston 2015
3925000,Steve Johnson 2014
2100000,Steve Johnson 2015
3900000,Steve Johnson 2016
4770443,Michael Crabtree 2014
3200000,Michael Crabtree 2015
11000000,Michael Crabtree 2016
6632353,Michael Crabtree 2017
3333333,Michael Crabtree 2018
179118,Tyrell Williams 2015
525000,Tyrell Williams 2016
615000,Tyrell Williams 2017
2914000,Tyrell Williams 2018
10100000,Tyrell Williams 2019
1848057,Will Fuller 2016
2310071,Will Fuller 2017
2772085,Will Fuller 2018
3234099,Will Fuller 2019
774358,Tyler Boyd 2016
967948,Tyler Boyd 2017
1161537,Tyler Boyd 2018
6023877,Tyler Boyd 2019
1078392,Torrey Smith 2014
3600000,Torrey Smith 2015
7600000,Torrey Smith 2016
4875000,Torrey Smith 2017
5000000,Torrey Smith 2018
4000000,Eric Decker 2014
6500000,Eric Decker 2015
8000000,Eric Decker 2016
4000000,Eric Decker 2017
1080831,Sterling Shepard 2016
1351039,Sterling Shepard 2017
1621247,Sterling Shepard 2018
3391455,Sterling Shepard 2019
555880,Donte Moncrief 2014
660880,Donte Moncrief 2015
750880,Donte Moncrief 2016
1932880,Donte Moncrief 2017
9600000,Donte Moncrief 2018
1003798,Devin Funchess 2015
1254748,Devin Funchess 2016
1505698,Devin Funchess 2017
1756648,Devin Funchess 2018
10000000,Devin Funchess 2019
610700,Marvin Jones 2014
700700,Marvin Jones 2015
6600000,Marvin Jones 2016
8600000,Marvin Jones 2017
6408235,Marvin Jones 2018
9195882,Marvin Jones 2019
24706,Quincy Enunwa 2014
332647,Quincy Enunwa 2015
525000,Quincy Enunwa 2016
615000,Quincy Enunwa 2017
4714000,Quincy Enunwa 2018
2800000,Quincy Enunwa 2019
571406,Jamison Crowder 2015
661406,Jamison Crowder 2016
751406,Jamison Crowder 2017
2043406,Jamison Crowder 2018
6781250,Jamison Crowder 2019
6210000,Brian Hartline 2014
2250000,Brian Hartline 2015
3100000,Golden Tate 2014
3096250,Golden Tate 2015
7101250,Golden Tate 2016
8351250,Golden Tate 2017
3705882,Golden Tate 2018
7035294,Golden Tate 2019
1400000,Kenny Britt 2014
4300000,Kenny Britt 2015
4850000,Kenny Britt 2016
158824,Kenny Britt 2017
940731,Marqise Lee 2014
1175914,Marqise Lee 2015
1411097,Marqise Lee 2016
1646280,Marqise Lee 2017
4656250,Marqise Lee 2018
9234375,Marqise Lee 2019
543613,Kenny Stills 2014
585000,Kenny Stills 2015
1671000,Kenny Stills 2016
3750000,Kenny Stills 2017
9750000,Kenny Stills 2018
7975000,Kenny Stills 2019
255882,Adam Humphries 2015
525000,Adam Humphries 2016
615000,Adam Humphries 2017
2914000,Adam Humphries 2018
5000000,Adam Humphries 2019
555725,John Brown 2014
657725,John Brown 2015
747725,John Brown 2016
1932725,John Brown 2017
5000000,John Brown 2018
7500000,John Brown 2019
4700000,Danny Amendola 2014
3116666,Danny Amendola 2015
2916666,Danny Amendola 2016
3116668,Danny Amendola 2017
6000000,Danny Amendola 2018
4484375,Danny Amendola 2019
423333,Albert Wilson 2014
513333,Albert Wilson 2015
603334,Albert Wilson 2016
1797000,Albert Wilson 2017
4833333,Albert Wilson 2018
8333333,Albert Wilson 2019
856879,Paul Richardson 2014
1071099,Paul Richardson 2015
1285319,Paul Richardson 2016
1499539,Paul Richardson 2017
4000000,Paul Richardson 2018
7068750,Paul Richardson 2019
735516,JuJu SmithSchuster 2017
953586,JuJu SmithSchuster 2018
1144303,JuJu SmithSchuster 2019
583403,Rishard Matthews 2014
673403,Rishard Matthews 2015
3333333,Rishard Matthews 2016
6333333,Rishard Matthews 2017
425647,Rishard Matthews 2018
730813,Mohamed Sanu 2014
1682813,Mohamed Sanu 2015
2400000,Mohamed Sanu 2016
7400000,Mohamed Sanu 2017
7525000,Mohamed Sanu 2018
3676472,Mohamed Sanu 2019
2750000,Julian Edelman 2014
4656250,Julian Edelman 2015
4421875,Julian Edelman 2016
7416666,Julian Edelman 2017
3821078,Julian Edelman 2018
6077615,Julian Edelman 2019
689250,Travis Benjamin 2014
779250,Travis Benjamin 2015
4000000,Travis Benjamin 2016
6500000,Travis Benjamin 2017
7000000,Travis Benjamin 2018
3750000,Travis Benjamin 2019
570500,Cole Beasley 2014
2000000,Cole Beasley 2015
3356000,Cole Beasley 2016
4500000,Cole Beasley 2017
4250000,Cole Beasley 2018
6900000,Cole Beasley 2019
674719,Marquise Goodwin 2014
764719,Marquise Goodwin 2015
859719,Marquise Goodwin 2016
3250000,Marquise Goodwin 2017
6275000,Marquise Goodwin 2018
3968750,Marquise Goodwin 2019
5000000,Eddie Royal 2014
5500000,Eddie Royal 2015
4500000,Eddie Royal 2016
420000,Taylor Gabriel 2014
510000,Taylor Gabriel 2015
600000,Taylor Gabriel 2016
2746000,Taylor Gabriel 2017
5500000,Taylor Gabriel 2018
6500000,Taylor Gabriel 2019
4800000,Nate Washington 2014
615000,Nate Washington 2015
194118,Terrelle Pryor 2015
1671000,Terrelle Pryor 2016
6000000,Terrelle Pryor 2017
1800000,Riley Cooper 2014
4800000,Riley Cooper 2015
1177500,Lance Moore 2014
665000,Lance Moore 2015
662844,Markus Wheaton 2014
752844,Markus Wheaton 2015
1818844,Markus Wheaton 2016
5250000,Markus Wheaton 2017
1582787,Breshad Perriman 2015
1978484,Breshad Perriman 2016
2374181,Breshad Perriman 2017
497647,Breshad Perriman 2018
4000000,Breshad Perriman 2019
3916666,Malcom Floyd 2014
4716668,Malcom Floyd 2015
18900,Willie Snead 2014
435000,Willie Snead 2015
525000,Willie Snead 2016
506471,Willie Snead 2017
2000000,Willie Snead 2018
5587941,Willie Snead 2019
107100,Seth Roberts 2014
435000,Seth Roberts 2015
525000,Seth Roberts 2016
2000000,Seth Roberts 2017
4450000,Seth Roberts 2018
2000000,Seth Roberts 2019
466333,Keelan Cole 2017
556333,Keelan Cole 2018
646334,Keelan Cole 2019
4000000,Hakeem Nicks 2014
306765,Hakeem Nicks 2015
570000,Jermaine Kearse 2014
2356000,Jermaine Kearse 2015
2633333,Jermaine Kearse 2016
2200000,Jermaine Kearse 2017
5550000,Jermaine Kearse 2018
1337500,Jermaine Kearse 2019
3011463,Kevin White 2015
3764329,Kevin White 2016
4517195,Kevin White 2017
5270061,Kevin White 2018
2719500,Michael Floyd 2014
3172750,Michael Floyd 2015
1291765,Michael Floyd 2016
1137059,Michael Floyd 2017
555882,Michael Floyd 2018
466666,Kendrick Bourne 2017
556666,Kendrick Bourne 2018
646668,Kendrick Bourne 2019
2000000,Brandon LaFell 2014
3500000,Brandon LaFell 2015
2500000,Brandon LaFell 2016
5000000,Brandon LaFell 2017
2312500,Brandon LaFell 2018
3800000,James Jones 2014
585000,James Jones 2015
1641147,Cordarrelle Patterson 2014
1969376,Cordarrelle Patterson 2015
2297605,Cordarrelle Patterson 2016
5600000,Cordarrelle Patterson 2017
3250000,Cordarrelle Patterson 2018
4234375,Cordarrelle Patterson 2019
3735000,Brandon Gibson 2014
665000,Brandon Gibson 2015
2077064,Jeremy Kerley 2014
2600000,Jeremy Kerley 2015
760000,Jeremy Kerley 2016
3645833,Harry Douglas 2014
2283333,Harry Douglas 2015
2733333,Harry Douglas 2016
2342709,Harry Douglas 2017
485095,Jakeem Grant 2016
575095,Jakeem Grant 2017
665095,Jakeem Grant 2018
1355095,Jakeem Grant 2019
164118,David Moore 2017
555000,David Moore 2018
645000,David Moore 2019
675027,Jarius Wright 2014
2207027,Jarius Wright 2015
2560000,Jarius Wright 2016
2160000,Jarius Wright 2017
1566666,Jarius Wright 2018
2466666,Jarius Wright 2019
2241396,Kendall Wright 2014
2614962,Kendall Wright 2015
7320000,Kendall Wright 2016
1843750,Kendall Wright 2017
495000,Chris Hogan 2014
585000,Chris Hogan 2015
5500000,Chris Hogan 2016
2968750,Chris Hogan 2017
3281250,Chris Hogan 2018
1450000,Chris Hogan 2019
3111975,John Ross 2017
3889969,John Ross 2018
4667963,John Ross 2019
5800000,Andrew Hawkins 2014
5000000,Andrew Hawkins 2015
1000000,Andrew Hawkins 2016
684868,Terrance Williams 2014
779868,Terrance Williams 2015
1825868,Terrance Williams 2016
2250000,Terrance Williams 2017
4132353,Terrance Williams 2018
1393500,Kelvin Benjamin 2014
1741875,Kelvin Benjamin 2015
2090250,Kelvin Benjamin 2016
529412,Kelvin Benjamin 2017
352941,Kelvin Benjamin 2018
2850000,Donnie Avery 2014
1541845,Cecil Shorts 2014
2453125,Cecil Shorts 2015
971875,Cecil Shorts 2016
495000,Russell Shepard 2014
585000,Russell Shepard 2015
1671000,Russell Shepard 2016
2300000,Russell Shepard 2017
1250000,Russell Shepard 2018
1500000,Russell Shepard 2019
1700000,Jerricho Cotchery 2014
1950000,Jerricho Cotchery 2015
2119088,Corey Coleman 2016
2648860,Corey Coleman 2017
370588,Corey Coleman 2018
720000,Corey Coleman 2019
50400,Tim Patrick 2017
480000,Tim Patrick 2018
570000,Tim Patrick 2019
450000,Chester Rogers 2016
540000,Chester Rogers 2017
630000,Chester Rogers 2018
3095000,Chester Rogers 2019
573334,Rod Streater 2014
2356000,Rod Streater 2015
760001,Rod Streater 2016
392945,Rod Streater 2018
427500,Dontrelle Inman 2014
517500,Dontrelle Inman 2015
600000,Dontrelle Inman 2016
1615294,Dontrelle Inman 2017
407647,Dontrelle Inman 2018
142059,Dontrelle Inman 2019
495000,Kamar Aiken 2014
585000,Kamar Aiken 2015
2553000,Kamar Aiken 2016
2600000,Kamar Aiken 2017
1827208,Josh Doctson 2016
2284010,Josh Doctson 2017
2740812,Josh Doctson 2018
319666,Eli Rogers 2015
451666,Eli Rogers 2016
541668,Eli Rogers 2017
411706,Eli Rogers 2018
1806360,Laquon Treadwell 2016
2257950,Laquon Treadwell 2017
2709540,Laquon Treadwell 2018
592941,Laquon Treadwell 2019
2031148,DJ Moore 2018
2538935,DJ Moore 2019
498000,Jaron Brown 2014
588000,Jaron Brown 2015
1578441,Jaron Brown 2016
1311309,Jaron Brown 2017
1775000,Jaron Brown 2018
1500000,Jaron Brown 2019
1981951,Calvin Ridley 2018
2477439,Calvin Ridley 2019
2250000,Andre Roberts 2014
3750000,Andre Roberts 2015
680000,Andre Roberts 2016
1800000,Andre Roberts 2017
720000,Andre Roberts 2018
2600000,Andre Roberts 2019
264706,Geronimo Allison 2016
508235,Geronimo Allison 2017
630000,Geronimo Allison 2018
2456250,Geronimo Allison 2019
1479166,Phillip Dorsett 2015
1848957,Phillip Dorsett 2016
1174582,Phillip Dorsett 2017
1394373,Phillip Dorsett 2018
2600000,Phillip Dorsett 2019
674300,Cody Latimer 2014
842875,Cody Latimer 2015
1011450,Cody Latimer 2016
1180025,Cody Latimer 2017
2500000,Cody Latimer 2018
1410000,Cody Latimer 2019
1232690,Zay Jones 2017
1540863,Zay Jones 2018
728009,Zay Jones 2019
496096,Rashard Higgins 2016
508235,Rashard Higgins 2017
630000,Rashard Higgins 2018
2025000,Rashard Higgins 2019
645000,Andre Holmes 2014
1542000,Andre Holmes 2015
2000000,Andre Holmes 2016
1400000,Andre Holmes 2017
235294,Andre Holmes 2018
613109,Chris Conley 2015
738109,Chris Conley 2016
838109,Chris Conley 2017
2085109,Chris Conley 2018
1800000,Chris Conley 2019
882500,Louis Murphy 2014
987500,Louis Murphy 2015
289412,Louis Murphy 2017
579293,Demarcus Robinson 2016
678293,Demarcus Robinson 2017
768293,Demarcus Robinson 2018
2154293,Demarcus Robinson 2019
1469072,Brian Quick 2014
1713918,Brian Quick 2015
1703125,Brian Quick 2016
695000,Brian Quick 2017
954070,Josh Gordon 2014
564115,Josh Gordon 2015
817016,Josh Gordon 2016
377084,Josh Gordon 2017
604119,Josh Gordon 2018
833824,Josh Gordon 2019
1232761,Justin Hunter 2014
1479313,Justin Hunter 2015
555882,Justin Hunter 2016
695000,Justin Hunter 2017
710000,Justin Hunter 2018
349412,Kenbrell Thompkins 2014
378529,Kenbrell Thompkins 2015
529805,Martavis Bryant 2014
499805,Martavis Bryant 2015
103346,Martavis Bryant 2016
718346,Martavis Bryant 2017
1458295,Martavis Bryant 2018
329550,TJ Jones 2014
536550,TJ Jones 2015
176471,TJ Jones 2016
690000,TJ Jones 2017
1907000,TJ Jones 2018
899867,Jordan Matthews 2014
1124834,Jordan Matthews 2015
1349801,Jordan Matthews 2016
1094901,Jordan Matthews 2017
697059,Jordan Matthews 2018
113824,Jordan Matthews 2019
100588,Deonte Thompson 2014
310588,Deonte Thompson 2015
680000,Deonte Thompson 2016
397941,Deonte Thompson 2017
325294,Deonte Thompson 2018
1018837,Dorial GreenBeckham 2015
689709,Dorial GreenBeckham 2016
1243987,Courtland Sutton 2018
1554984,Courtland Sutton 2019
627006,Josh Reynolds 2017
717006,Josh Reynolds 2018
807006,Josh Reynolds 2019
1163738,Dante Pettis 2018
1454673,Dante Pettis 2019
370588,Charles Johnson 2014
510000,Charles Johnson 2015
600000,Charles Johnson 2016
950000,Charles Johnson 2017
599090,Chris Moore 2016
689090,Chris Moore 2017
779090,Chris Moore 2018
869090,Chris Moore 2019
1071795,Christian Kirk 2018
1339744,Christian Kirk 2019
973400,Anthony Miller 2018
1216750,Anthony Miller 2019
511875,Brice Butler 2014
550588,Brice Butler 2015
675000,Brice Butler 2016
1100000,Brice Butler 2017
325294,Brice Butler 2018
432848,Jeff Janis 2014
522848,Jeff Janis 2015
612848,Jeff Janis 2016
702848,Jeff Janis 2017
538607,Bruce Ellington 2014
628607,Bruce Ellington 2015
718607,Bruce Ellington 2016
559235,Bruce Ellington 2017
373235,Bruce Ellington 2018
779175,Aaron Dobson 2014
935010,Aaron Dobson 2015
897799,Rueben Randle 2014
1047432,Rueben Randle 2015
818426,James Washington 2018
1023033,James Washington 2019
523964,Isaiah McKenzie 2017
261176,Isaiah McKenzie 2018
645000,Isaiah McKenzie 2019
517041,Dede Westbrook 2017
724041,Dede Westbrook 2018
814041,Dede Westbrook 2019
225882,Robert Foster 2018
570000,Robert Foster 2019
1478513,Denarius Moore 2014
627996,Jaelen Strong 2015
762996,Jaelen Strong 2016
80588,Jaelen Strong 2017
1150000,Andre Caldwell 2014
1550000,Andre Caldwell 2015
107100,Bennie Fowler 2014
435000,Bennie Fowler 2015
525000,Bennie Fowler 2016
615000,Bennie Fowler 2017
456176,Bennie Fowler 2018
24706,Brandon Coleman 2014
435000,Brandon Coleman 2015
525000,Brandon Coleman 2016
615000,Brandon Coleman 2017
813813,Jerrel Jernigan 2014
583919,Stedman Bailey 2014
587739,Stedman Bailey 2015
237516,Stedman Bailey 2016
694003,Taywan Taylor 2017
859003,Taywan Taylor 2018
773500,Taywan Taylor 2019
518721,Tajae Sharpe 2016
431721,Tajae Sharpe 2017
698721,Tajae Sharpe 2018
2093721,Tajae Sharpe 2019
570205,Justin Hardy 2015
660205,Justin Hardy 2016
750205,Justin Hardy 2017
840205,Justin Hardy 2018
735000,Justin Hardy 2019
487450,JJ Nelson 2015
577450,JJ Nelson 2016
667450,JJ Nelson 2017
1959450,JJ Nelson 2018
694257,Chris Givens 2014
1179176,Chris Givens 2015
498891,Ace Sanders 2014
592879,Sammie Coates 2015
706879,Sammie Coates 2016
615000,Sammie Coates 2017
671903,Nick Toon 2014
34412,Nick Toon 2015
592875,Quinton Patton 2014
682875,Quinton Patton 2015
772875,Quinton Patton 2016
515487,Trent Taylor 2017
605487,Trent Taylor 2018
695487,Trent Taylor 2019
483333,Trent Sherfield 2018
573333,Trent Sherfield 2019
659464,Antonio Callaway 2018
607246,Ryan Switzer 2017
555000,Ryan Switzer 2018
645000,Ryan Switzer 2019
525027,DeAnthony Thomas 2014
623027,DeAnthony Thomas 2015
713527,DeAnthony Thomas 2016
803527,DeAnthony Thomas 2017
552706,DeAnthony Thomas 2018
303529,DeAnthony Thomas 2019
702495,Michael Gallup 2018
851495,Michael Gallup 2019
684256,TreQuan Smith 2018
820756,TreQuan Smith 2019
527579,Denard Robinson 2014
638403,Denard Robinson 2015
728403,Denard Robinson 2016
570000,Ricardo Lockette 2014
685000,Ricardo Lockette 2015
496666,Marlon Brown 2014
586668,Marlon Brown 2015
238235,Marlon Brown 2016
420000,Corey Fuller 2014
510000,Corey Fuller 2015
70588,Corey Fuller 2016
662257,Keke Coutee 2018
752257,Keke Coutee 2019
650660,DaeSean Hamilton 2018
740660,DaeSean Hamilton 2019
447778,Rashad Greene 2015
585954,Rashad Greene 2016
675954,Rashad Greene 2017
456176,Rashad Greene 2018
570000,Jarrett Boykin 2014
225882,Keith Kirkwood 2018
413824,Keith Kirkwood 2019
467095,Charone Peake 2016
411330,Charone Peake 2017
647095,Charone Peake 2018
534389,Marquez ValdesScantling 2018
624389,Marquez ValdesScantling 2019
689165,Mark Andrews 2018
833665,Mark Andrews 2019
539574,George Kittle 2017
629574,George Kittle 2018
719574,George Kittle 2019
4000000,Jimmy Graham 2014
8000000,Jimmy Graham 2015
9000000,Jimmy Graham 2016
10000000,Jimmy Graham 2017
5916666,Jimmy Graham 2018
12666666,Jimmy Graham 2019
5400000,Rob Gronkowski 2014
8650000,Rob Gronkowski 2015
6618750,Rob Gronkowski 2016
6687500,Rob Gronkowski 2017
11671875,Rob Gronkowski 2018
711826,Travis Kelce 2014
853826,Travis Kelce 2015
2948226,Travis Kelce 2016
5418400,Travis Kelce 2017
9955900,Travis Kelce 2018
10718400,Travis Kelce 2019
1160056,Hunter Henry 2016
1450070,Hunter Henry 2017
1740084,Hunter Henry 2018
2030098,Hunter Henry 2019
641572,Jonnu Smith 2017
755572,Jonnu Smith 2018
845572,Jonnu Smith 2019
741000,Julius Thomas 2014
10300000,Julius Thomas 2015
7300000,Julius Thomas 2016
5600000,Julius Thomas 2017
8412000,Jason Witten 2014
6112000,Jason Witten 2015
5862000,Jason Witten 2016
12262000,Jason Witten 2017
4250000,Jason Witten 2019
642278,Jordan Reed 2014
742278,Jordan Reed 2015
3406028,Jordan Reed 2016
5737500,Jordan Reed 2017
10206250,Jordan Reed 2018
9674125,Jordan Reed 2019
6098677,Jared Cook 2014
8300441,Jared Cook 2015
2750000,Jared Cook 2016
5300000,Jared Cook 2017
5675000,Jared Cook 2018
4000000,Jared Cook 2019
7342916,Vernon Davis 2014
2527941,Vernon Davis 2015
2381250,Vernon Davis 2016
3333333,Vernon Davis 2017
5333333,Vernon Davis 2018
6252084,Vernon Davis 2019
4000000,Zach Miller 2014
8250000,Marcedes Lewis 2014
4025000,Marcedes Lewis 2015
4000000,Marcedes Lewis 2016
4250000,Marcedes Lewis 2017
2100000,Marcedes Lewis 2018
2100000,Marcedes Lewis 2019
5862500,Antonio Gates 2014
8374265,Antonio Gates 2015
5500000,Antonio Gates 2016
5437500,Antonio Gates 2017
2500000,Antonio Gates 2018
2773134,Kyle Rudolph 2014
6550000,Kyle Rudolph 2015
7300000,Kyle Rudolph 2016
6800000,Kyle Rudolph 2017
7675000,Kyle Rudolph 2018
3450000,Kyle Rudolph 2019
6133166,Heath Miller 2014
4151666,Heath Miller 2015
1222545,Zach Ertz 2014
1467054,Zach Ertz 2015
3311563,Zach Ertz 2016
3020000,Zach Ertz 2017
4937500,Zach Ertz 2018
6291500,Zach Ertz 2019
1459000,Charles Clay 2014
5000000,Charles Clay 2015
6000000,Charles Clay 2016
9000000,Charles Clay 2017
9000000,Charles Clay 2018
1906250,Charles Clay 2019
636881,Austin Hooper 2016
752881,Austin Hooper 2017
842881,Austin Hooper 2018
2211881,Austin Hooper 2019
1550350,Jordan Cameron 2014
5500000,Jordan Cameron 2015
8000000,Jordan Cameron 2016
7800000,Greg Olsen 2014
6300000,Greg Olsen 2015
5100000,Greg Olsen 2016
12100000,Greg Olsen 2017
7950000,Greg Olsen 2018
6662500,Greg Olsen 2019
3200000,Dennis Pitta 2014
6200000,Dennis Pitta 2015
3200000,Dennis Pitta 2016
4000000,Delanie Walker 2014
5275000,Delanie Walker 2015
6267708,Delanie Walker 2016
5333333,Delanie Walker 2017
8870000,Delanie Walker 2018
6515416,Delanie Walker 2019
835826,Dwayne Allen 2014
1717826,Dwayne Allen 2015
8906250,Dwayne Allen 2016
4937500,Dwayne Allen 2017
3875000,Dwayne Allen 2018
1456813,Coby Fleener 2014
1699615,Coby Fleener 2015
2400000,Coby Fleener 2016
7500000,Coby Fleener 2017
1000000,Owen Daniels 2014
2750000,Owen Daniels 2015
422500,Trey Burton 2014
512500,Trey Burton 2015
602500,Trey Burton 2016
2746000,Trey Burton 2017
6050000,Trey Burton 2018
8550000,Trey Burton 2019
595826,CJ Fiedorowicz 2014
730826,CJ Fiedorowicz 2015
860826,CJ Fiedorowicz 2016
6397826,CJ Fiedorowicz 2017
6025000,Martellus Bennett 2014
6125000,Martellus Bennett 2015
5185000,Martellus Bennett 2016
723529,Martellus Bennett 2017
4832000,Jermaine Gresham 2014
3109375,Jermaine Gresham 2015
3468750,Jermaine Gresham 2016
3750000,Jermaine Gresham 2017
7218750,Jermaine Gresham 2018
817995,Vance McDonald 2014
981594,Vance McDonald 2015
2545193,Vance McDonald 2016
2615625,Vance McDonald 2017
2136250,Vance McDonald 2018
5780625,Vance McDonald 2019
4075000,Brent Celek 2014
4800000,Brent Celek 2015
2000000,Brent Celek 2016
4000000,Brent Celek 2017
595215,Tyler Higbee 2016
685215,Tyler Higbee 2017
775215,Tyler Higbee 2018
1745215,Tyler Higbee 2019
123529,Cameron Brate 2014
450000,Cameron Brate 2015
586059,Cameron Brate 2016
690000,Cameron Brate 2017
7000000,Cameron Brate 2018
7000000,Cameron Brate 2019
495000,Jack Doyle 2014
585000,Jack Doyle 2015
1671000,Jack Doyle 2016
8000000,Jack Doyle 2017
5618750,Jack Doyle 2018
6400000,Jack Doyle 2019
2227118,Eric Ebron 2014
2783897,Eric Ebron 2015
3340676,Eric Ebron 2016
3897455,Eric Ebron 2017
6750000,Eric Ebron 2018
7000000,Eric Ebron 2019
611888,Dion Sims 2014
701888,Dion Sims 2015
1787888,Dion Sims 2016
5333333,Dion Sims 2017
6333333,Dion Sims 2018
374000,Nick Boyle 2015
257739,Nick Boyle 2016
650451,Nick Boyle 2017
740451,Nick Boyle 2018
3333333,Nick Boyle 2019
596944,Tyler Kroft 2015
712444,Tyler Kroft 2016
799944,Tyler Kroft 2017
2068944,Tyler Kroft 2018
4956250,Tyler Kroft 2019
1098990,Gerald Everett 2017
1373738,Gerald Everett 2018
1648486,Gerald Everett 2019
4359375,Anthony Fasano 2014
2062500,Anthony Fasano 2015
3187500,Anthony Fasano 2016
2750000,Anthony Fasano 2017
1344617,Lance Kendricks 2014
5600000,Lance Kendricks 2015
4500000,Lance Kendricks 2016
1775000,Lance Kendricks 2017
2225000,Lance Kendricks 2018
569118,Lance Kendricks 2019
488191,CJ Uzomah 2015
578191,CJ Uzomah 2016
668191,CJ Uzomah 2017
758191,CJ Uzomah 2018
6083333,CJ Uzomah 2019
682725,Ladarius Green 2014
772725,Ladarius Green 2015
2437500,Ladarius Green 2016
1876364,Tyler Eifert 2014
2251637,Tyler Eifert 2015
2626909,Tyler Eifert 2016
4782000,Tyler Eifert 2017
4687500,Tyler Eifert 2018
3025000,Tyler Eifert 2019
2200000,Brandon Pettigrew 2014
3800000,Brandon Pettigrew 2015
487228,Jesse James 2015
577228,Jesse James 2016
667228,Jesse James 2017
1959228,Jesse James 2018
2284000,Jesse James 2019
1150000,Gary Barnidge 2014
2012500,Gary Barnidge 2015
2562500,Gary Barnidge 2016
955442,Austin SeferianJenkins 2014
1194303,Austin SeferianJenkins 2015
677535,Austin SeferianJenkins 2016
1011690,Austin SeferianJenkins 2017
3301250,Austin SeferianJenkins 2018
3203125,Garrett Graham 2014
3921875,Garrett Graham 2015
282395,Blake Jarwin 2017
563866,Blake Jarwin 2018
653868,Blake Jarwin 2019
645146,Rhett Ellison 2014
1617146,Rhett Ellison 2015
1850625,Rhett Ellison 2016
2250000,Rhett Ellison 2017
3750000,Rhett Ellison 2018
4811617,Rhett Ellison 2019
570146,Levine Toilolo 2014
660146,Levine Toilolo 2015
1746146,Levine Toilolo 2016
2500000,Levine Toilolo 2017
1500000,Levine Toilolo 2018
735000,Levine Toilolo 2019
1900000,Scott Chandler 2014
2250000,Scott Chandler 2015
420000,Darren Fells 2014
510000,Darren Fells 2015
600000,Darren Fells 2016
975000,Darren Fells 2017
3600000,Darren Fells 2018
1500000,Darren Fells 2019
2200000,Jacob Tamme 2014
1387500,Jacob Tamme 2015
2584375,Jacob Tamme 2016
473201,Jeff Heuerman 2015
695201,Jeff Heuerman 2016
785201,Jeff Heuerman 2017
875201,Jeff Heuerman 2018
3375000,Jeff Heuerman 2019
635000,Ed Dickson 2014
1516666,Ed Dickson 2015
2566666,Ed Dickson 2016
2716668,Ed Dickson 2017
1866666,Ed Dickson 2018
4416666,Ed Dickson 2019
661236,Virgil Green 2014
2200000,Virgil Green 2015
2900000,Virgil Green 2016
3300000,Virgil Green 2017
1800000,Virgil Green 2018
3300000,Virgil Green 2019
2291666,Brandon Myers 2014
1166666,Brandon Myers 2015
1916668,Brandon Myers 2016
448683,Geoff Swaim 2015
465801,Geoff Swaim 2016
628683,Geoff Swaim 2017
718683,Geoff Swaim 2018
2081250,Geoff Swaim 2019
496666,Josh Hill 2014
586668,Josh Hill 2015
1583333,Josh Hill 2016
2595833,Josh Hill 2017
3583334,Josh Hill 2018
1900000,Josh Hill 2019
2017246,OJ Howard 2017
2521558,OJ Howard 2018
3025870,OJ Howard 2019
572000,Garrett Celek 2014
710000,Garrett Celek 2015
1915625,Garrett Celek 2016
2575000,Garrett Celek 2017
2675000,Garrett Celek 2018
2146294,Garrett Celek 2019
1948826,Evan Engram 2017
2436033,Evan Engram 2018
2923240,Evan Engram 2019
371824,Demetrius Harris 2014
510000,Demetrius Harris 2015
950000,Demetrius Harris 2016
1550000,Demetrius Harris 2017
2097059,Demetrius Harris 2018
2487500,Demetrius Harris 2019
763172,Luke Stocker 2014
1500000,Luke Stocker 2015
1600000,Luke Stocker 2016
182353,Luke Stocker 2017
1137500,Luke Stocker 2018
2150000,Luke Stocker 2019
614220,Nick Vannett 2016
726220,Nick Vannett 2017
816220,Nick Vannett 2018
606118,Nick Vannett 2019
1731881,David Njoku 2017
2164851,David Njoku 2018
2597821,David Njoku 2019
539633,Luke Willson 2014
629633,Luke Willson 2015
1715633,Luke Willson 2016
1800000,Luke Willson 2017
2500000,Luke Willson 2018
531176,Luke Willson 2019
736861,Maxx Williams 2015
921076,Maxx Williams 2016
1105291,Maxx Williams 2017
1289506,Maxx Williams 2018
1055000,Maxx Williams 2019
1074639,Adam Shaheen 2017
1343299,Adam Shaheen 2018
1611959,Adam Shaheen 2019
521213,Mychal Rivera 2014
611213,Mychal Rivera 2015
1697213,Mychal Rivera 2016
1953125,Mychal Rivera 2017
495000,Larry Donnell 2014
585000,Larry Donnell 2015
1671000,Larry Donnell 2016
956931,Gavin Escobar 2014
1148317,Gavin Escobar 2015
1339703,Gavin Escobar 2016
1022597,Dallas Goedert 2018
1278246,Dallas Goedert 2019
51176,Matt LaCosse 2015
333000,Matt LaCosse 2016
82059,Matt LaCosse 2017
555000,Matt LaCosse 2018
1225000,Matt LaCosse 2019
102353,Nick OLeary 2015
525000,Nick OLeary 2016
615000,Nick OLeary 2017
805000,Nick OLeary 2018
227647,Nick OLeary 2019
570000,Daniel Fells 2014
665000,Daniel Fells 2015
633626,Clive Walford 2015
781126,Clive Walford 2016
909272,Clive Walford 2017
41471,Clive Walford 2018
381176,Clive Walford 2019
546504,Richard Rodgers 2014
649004,Richard Rodgers 2015
739004,Richard Rodgers 2016
1923504,Richard Rodgers 2017
720000,Richard Rodgers 2018
47353,Richard Rodgers 2019
410294,Ricky SealsJones 2017
555000,Ricky SealsJones 2018
645000,Ricky SealsJones 2019
495000,Tim Wright 2014
585000,Tim Wright 2015
771250,Tim Wright 2016
546504,Crockett Gillmore 2014
636504,Crockett Gillmore 2015
726504,Crockett Gillmore 2016
821504,Crockett Gillmore 2017
509602,Jordan Thomas 2018
485072,Jordan Thomas 2019
1250000,Andrew Quarless 2014
1750000,Andrew Quarless 2015
1900000,Jeff Cumberland 2014
1900000,Jeff Cumberland 2015
443000,Jeff Cumberland 2016
289412,Jeff Cumberland 2017
1500000,Clay Harbor 2014
1500000,Clay Harbor 2015
581177,Clay Harbor 2016
615000,Clay Harbor 2017
666998,Ian Thomas 2018
756998,Ian Thomas 2019
346013,AJ Derby 2015
264706,AJ Derby 2016
180882,AJ Derby 2017
705000,AJ Derby 2018
358235,Will Tye 2015
525000,Will Tye 2016
100400,Will Tye 2017
53200,Will Tye 2018
544516,Jaylen Samuels 2018
634516,Jaylen Samuels 2019
420000,Cooper Helfet 2014
510000,Cooper Helfet 2015
82800,Cooper Helfet 2016
570146,Kyle Juszczyk 2014
660146,Kyle Juszczyk 2015
750146,Kyle Juszczyk 2016
3750000,Kyle Juszczyk 2017
4450000,Kyle Juszczyk 2018
5950000,Kyle Juszczyk 2019
3980838,Marcel Reece 2014
3430838,Marcel Reece 2015
178824,Marcel Reece 2016
3350000,Mike Tolbert 2014
3425000,Mike Tolbert 2015
1475000,Mike Tolbert 2016
695000,Mike Tolbert 2017
570000,James Develin 2014
660000,James Develin 2015
750000,James Develin 2016
1375000,James Develin 2017
1675000,James Develin 2018
1600000,James Develin 2019
1367708,Darrel Young 2014
1533334,Darrel Young 2015
